"","leased","District","POName","UnitName","PropertyID","PropertyAddress","City","ST","ZIPCode","Occupied","Maint","EffDate","ExpDate","BldgOwn","LandOwn","TaxClause","PurchaseOption","LONbr","LOYears","LessorName","LessorAddress1","LessorAddress2","LessorAddress3","LessorCity","LessorSt","LessorZIP","IntSqFt","SiteSqFt","AnnualRent","AnnualRent.SqFt","NextRent","NextRent.SqFt","Fin.Sub","ChrgblFinNo","County","PropertyStatus","Ownership","FDBID.All.","AMSLocaleKey.All.","FDBFacilityType.All.","FDBFacilitySubtype.All.","BuildingOwnershipDescription","LandDesc","Maintenance","SpaceCertifiedIndicator","BldgOccuDate","BldgtoLandSqFtRatio","lat","long"
"1",1,"Alaska","AKIACHAK","MAIN OFFICE","20068004","500 PHILLIPS ST","AKIACHAK","AK","99551-9800","2-Feb","USPS (Not Roof)","2/1/2002","1/31/2022","A","A","Reimbursable","N",2,10,"KALIKIWIK INC","PO BOX 51010",NA,NA,"AKIACHAK","AK","995510010",2080,23000,102750,49.4,102750,49.4,NA,NA,NA,NA,NA,NA,NA,NA,NA,NA,NA,NA,NA,NA,NA,60.900997,-161.416153
"2",1,"Alaska","AKIAK","MAIN OFFICE SITE","20078003","250 OFF DOOPS ST","AKIAK","AK","99552-9800",NA,"USPS","4/19/2001","4/18/2021","Q","Z","Reimbursable",NA,2,10,"KOKARMUIT CORPORATION","PO BOX 147",NA,NA,"AKIAK","AK","995520147",0,22500,3000,0.13,4044,0.18,NA,NA,NA,NA,NA,NA,NA,NA,NA,NA,NA,NA,NA,NA,NA,60.9084872,-161.2224453
"3",1,"Alaska","AKUTAN","MAIN OFFICE","20156004","101 SALMON BERRY RD","AKUTAN","AK","99553-9800","Apr-98","Landlord","1/1/2012","12/31/2016","A","A","None Specified",NA,1,5,"AKUTAN CORPORATION","PO BOX 8",NA,NA,"AKUTAN","AK","995530008",1080,1080,34000,31.48,34000,31.48,NA,NA,NA,NA,NA,NA,NA,NA,NA,NA,NA,NA,NA,NA,NA,54.1337104,-165.7768515
"4",1,"Alaska","ALAKANUK","MAIN OFFICE","20195001","500 ANDERSON ST","ALAKANUK","AK","99554-9800","1-Nov","USPS (Not Roof)","11/26/2001","11/25/2021","A","A","Reimbursable",NA,2,10,"ANDREAFSKI LTD","P O BOX 87",NA,NA,"ST MARYS","AK","996580087",2708,15000,127785,47.19,127785,47.19,NA,NA,NA,NA,NA,NA,NA,NA,NA,NA,NA,NA,NA,NA,NA,62.6847735,-164.6361305
"5",1,"Alaska","ALEKNAGIK","MAIN OFFICE","20234002","123 MAIN ST","ALEKNAGIK","AK","99555-9800","Nov-83","Landlord","11/1/2013","10/31/2018","P","P","None Specified",NA,1,5,"CITY OF ALEKNAGIK","PO BOX 33",NA,NA,"ALEKNAGIK","AK","995550033",800,800,15600,19.5,20400,25.5,NA,NA,NA,NA,NA,NA,NA,NA,NA,NA,NA,NA,NA,NA,NA,59.2792603,-158.6226123
"6",1,"Alaska","ALLAKAKET","MAIN OFFICE","20273003","21 ALLAKAKET RD","ALLAKAKET","AK","99720-9800","Jan-95","Landlord","4/5/2015","4/4/2020","A","A","None Specified","N",NA,NA,"CITY OF ALLAKAKET","PO BOX 30",NA,NA,"ALLAKAKET","AK","997200030",600,600,9480,15.8,0,0,NA,NA,NA,NA,NA,NA,NA,NA,NA,NA,NA,NA,NA,NA,NA,66.560332,-152.6545399
"7",1,"Alaska","AMBLER","MAIN OFFICE SITE","20288002","AMBLER AVE","AMBLER","AK","99786-9998",NA,"USPS","10/1/2014","9/30/2019","X","Z","None Specified",NA,1,5,"CITY OF AMBLER","P O BOX 09",NA,NA,"AMBLER","AK","997860009",0,2000,2600,1.3,2600,1.3,NA,NA,NA,NA,NA,NA,NA,NA,NA,NA,NA,NA,NA,NA,NA,67.0845658,-157.8617861
"8",1,"Alaska","ANAKTUVUK PASS","MAIN OFFICE SITE","20306006","1104 SUMMER AVE","ANAKTUVUK PASS","AK","99721-9998",NA,"Landlord","12/4/2006","12/3/2026","Q","Z","None Specified",NA,4,20,"CITY OF ANAKTUVUK PASS","PO BOX 21030",NA,NA,"ANAKTUVUK PASS","AK","997210030",0,21402,1200,0.06,1320,0.06,NA,NA,NA,NA,NA,NA,NA,NA,NA,NA,NA,NA,NA,NA,NA,68.1407179,-151.7336079
"9",1,"Alaska","ANCHOR POINT","MAIN OFFICE","20351003","33790 STERLING HWY","ANCHOR POINT","AK","99556-9606","Sep-98","Landlord","9/29/1998","9/28/2018","A","D","Reimbursable",NA,2,10,"KOPCZYNSKI FAMILY LLC","720 S MONTAVILLA DR",NA,NA,"SPOKANE","WA","992241956",4104,89501,111171,27.09,117000,28.51,NA,NA,NA,NA,NA,NA,NA,NA,NA,NA,NA,NA,NA,NA,NA,59.783459,-151.830065
"10",1,"Alaska","ANCHORAGE","GMF-GROUND LEASE","20313016","INTERNATIONAL AIRPORT","ANCHORAGE","AK","99502-9998",NA,"USPS","4/11/1974","7/1/2028","Q","Z",NA,NA,NA,NA,"STATE OF ALASKA","ANCHORAGE INTERNATIONAL AIRPORT","ACCOUNTING SECTION","PO BOX 196960","ANCHORAGE","AK","995196960",0,988453,520000,0.53,0,0,NA,NA,NA,NA,NA,NA,NA,NA,NA,NA,NA,NA,NA,NA,NA,61.1741888,-149.9559808
"11",1,"Alaska","ANCHORAGE","INSPECTION SERV","548505002","341 W TUDOR RD STE 208","ANCHORAGE","AK","99503-6648","Sep-94","Landlord","9/27/2010","9/26/2016","A","A","None Specified","N",NA,NA,"ROBERT C LARSON TRUSTEE","ROBERT C LARSON REV TRUST OF 2000","COMMERCIAL REAL ESTATE ALASKA SVC I","341 W TUDOR RD STE 103","ANCHORAGE","AK","995036639",2918,0,100440,34.42,101440,34.76,NA,NA,NA,NA,NA,NA,NA,NA,NA,NA,NA,NA,NA,NA,NA,61.1815372,-149.8899348
"12",1,"Alaska","ANCHORAGE","POSTAL STORE","20312019","320 W 5TH AVE STE 348","ANCHORAGE","AK","99501-2351","Sep-95","Landlord","9/1/2015","8/31/2020","X","A","None Specified",NA,NA,NA,"NORTHWESTERN SIMON INC","C/O M S MANAGEMENT ASSOC INC","225 W WASHINGTON ST",NA,"INDIANAPOLIS","IN","462043435",2268,0,65772,29,0,0,NA,NA,NA,NA,NA,NA,NA,NA,NA,NA,NA,NA,NA,NA,NA,61.217081,-149.8885111
"13",1,"Alaska","ANGOON","MAIN OFFICE","20390004","705 AANDEINATT ST","ANGOON","AK","99820-9800","Jul-99","Landlord","7/1/1999","6/30/2019","A","A","None Specified",NA,2,10,"KOPCZYNSKI FAMILY LLC","720 S MONTAVILLA DR",NA,NA,"SPOKANE","WA","992241956",2065,29160,94662.72,45.84,97000,46.97,NA,NA,NA,NA,NA,NA,NA,NA,NA,NA,NA,NA,NA,NA,NA,57.500234,-134.5838474
"14",1,"Alaska","ANIAK","MAIN OFFICE","20429002","101 BOUNDARY AVE","ANIAK","AK","99557-9800","Oct-88","Landlord","10/19/2013","10/18/2018","P","P","None Specified",NA,NA,NA,"BOB L OLSON","PO BOX 9",NA,NA,"ANIAK","AK","995570009",2400,2400,46452,19.36,0,0,NA,NA,NA,NA,NA,NA,NA,NA,NA,NA,NA,NA,NA,NA,NA,61.5825489,-159.5425398
"15",1,"Alaska","ANVIK","MAIN OFFICE SITE","20507002","AIRPORT RD","ANVIK","AK","99558-9998",NA,"USPS","10/1/2014","9/30/2019","Q","Z","None Specified",NA,NA,NA,"DELOY GES INC","PO BOX 150",NA,NA,"ANVIK","AK","995580150",0,5788,1500,0.26,0,0,NA,NA,NA,NA,NA,NA,NA,NA,NA,NA,NA,NA,NA,NA,NA,62.6500118,-160.1946203
"16",1,"Alaska","ARCTIC VILLAGE","MAIN OFFICE SITE","20525003","MAIN AND BRIDGE ROADS","ARCTIC VILLAGE","AK","99722-9998",NA,"USPS","4/1/2013","3/31/2018","Q","Z","Reimbursable",NA,3,5,"NATIVE VILLAGE OF VENETIE","TRIBAL GOVERNMENT","P O BOX 81080",NA,"VENETIE","AK","997810080",0,40000,3000,0.08,3600,0.09,NA,NA,NA,NA,NA,NA,NA,NA,NA,NA,NA,NA,NA,NA,NA,NA,NA
"17",1,"Alaska","BETTLES FIELD","MPO","20975004","Bettles Airport Block 0100 Lot 004","BETTLES FIELD","AK","99726-9998",NA,"USPS","7/12/2012","7/11/2017","A","A",NA,NA,1,5,"ALASKA POWER AND TELEPHONE","COMPANY","ATTN BILLING DEPT","PO BOX 3222","PORT TOWNSEND","WA","983680922",893,0,9600,10.75,0,0,NA,NA,NA,NA,NA,NA,NA,NA,NA,NA,NA,NA,NA,NA,NA,66.9192924,-151.5190664
"18",1,"Alaska","BREVIG MISSION","MAIN OFFICE","21094004","9998 KUGSHI RD","BREVIG MISSION","AK","99785-9800","7-Dec","Landlord","12/10/2007","12/9/2017","P","P","Percentage",NA,4,20,"BREVIG MISSION","CITY COUNCIL",NA,NA,"BREVIG MISSION","AK","997859999",703,1654,34650,49.29,41580,59.15,NA,NA,NA,NA,NA,NA,NA,NA,NA,NA,NA,NA,NA,NA,NA,NA,NA
"19",1,"Alaska","BUCKLAND","MAIN OFFICE SITE","21106001","17 BETTY AVENUE","BUCKLAND","AK","99727-9998",NA,"USPS","8/1/2014","7/31/2019","X","Z","None Specified",NA,NA,NA,"EMMA THOMAS","GENERAL DELIVERY",NA,NA,"BUCKLAND","AK","997279999",0,5500,2375,0.43,0,0,NA,NA,NA,NA,NA,NA,NA,NA,NA,NA,NA,NA,NA,NA,NA,65.9743061,-161.1248445
"20",1,"Alaska","CENTRAL","MAIN OFFICE SITE","21287004","128 MI STEESE HWY","CENTRAL","AK","99730-9998",NA,"USPS","11/1/1985","10/31/2035","X","Z","None Specified","N",NA,NA,"WAYNE G MITCHELL","MARIE A MITCHELL","1731 BRIDGEWATER DR",NA,"FAIRBANKS","AK","997094169",0,40974,1,0,0,0,NA,NA,NA,NA,NA,NA,NA,NA,NA,NA,NA,NA,NA,NA,NA,65.8251707,-144.0690084
"21",1,"Alaska","CHEFORNAK","MAIN OFFICE","21396003","500 BOARDWALK ST","CHEFORNAK","AK","99561-9800","1-Jan","USPS (Not Roof)","1/30/2001","1/29/2021","A","A","Reimbursable",NA,2,10,"TUNISTA PROPERTIES INC","5015 BUSINESS PARK BLVD",NA,NA,"ANCHORAGE","AK","99503-714",2075,9195,1e+05,48.19,1e+05,48.19,NA,NA,NA,NA,NA,NA,NA,NA,NA,NA,NA,NA,NA,NA,NA,60.1583355,-164.2813939
"22",1,"Alaska","CHEVAK","MAIN OFFICE","21410003","9998 CHEVAK RD","CHEVAK","AK","99563-9800","Oct-90","Landlord","10/8/2015","10/7/2020","A","A","None Specified","N",NA,NA,"CITY OF CHEVAK","PO BOX 6083",NA,NA,"CHEVAK","AK","995636083",720,720,12300,17.08,0,0,NA,NA,NA,NA,NA,NA,NA,NA,NA,NA,NA,NA,NA,NA,NA,61.5276626,-165.5825529
"23",1,"Alaska","CHICKEN","MAIN OFFICE","21482001","66 TAYLOR HWY","CHICKEN","AK","99732-9800","Nov-79","Landlord","11/17/2015","11/16/2020","A","A","None Specified","N",NA,NA,"CHARLES R HAMMOND","AND ROBIN L HAMMOND","PO BOX 7",NA,"CHICKEN","AK","997320007",288,288,6180,21.46,0,0,NA,NA,NA,NA,NA,NA,NA,NA,NA,NA,NA,NA,NA,NA,NA,64.0733,-141.9361
"24",1,"Alaska","CHIGNIK","MAIN OFFICE","21521001","101 MAIN ST","CHIGNIK","AK","99564-9800","May-77","Landlord","7/1/2012","6/30/2017","A","A","None Specified","N",1,5,"ARTHUR SKONBERG","PO BOX 8924",NA,NA,"KODIAK","AK","996158924",323,0,7200,22.29,7800,24.15,NA,NA,NA,NA,NA,NA,NA,NA,NA,NA,NA,NA,NA,NA,NA,56.2603439,-158.7042506
"25",1,"Alaska","CHITINA","MAIN OFFICE","21560001","400 D ST","CHITINA","AK","99566-9800","Apr-84","Landlord","4/1/2014","3/31/2019","A","A","None Specified",NA,1,5,"CHITINA NATIVE CORPORATION","PO BOX 3",NA,NA,"CHITINA","AK","995660003",312,312,5820,18.65,6131,19.65,NA,NA,NA,NA,NA,NA,NA,NA,NA,NA,NA,NA,NA,NA,NA,61.4968558,-144.4630109
"26",1,"Alaska","CIRCLE","MAIN OFFICE","21638003","161 STEESE HWY","CIRCLE","AK","99733-9800","Sep-96","Landlord","8/29/1996","8/28/2016","A","A","Reimbursable","N",2,10,"ESTATE OF BRIAN ASPLUND","ANGELA ASPLUND PERS REP","406 W MCNAIR RD",NA,"WINNEBAGO","IL","610889009",600,9975,12960,21.6,15120,25.2,NA,NA,NA,NA,NA,NA,NA,NA,NA,NA,NA,NA,NA,NA,NA,65.823691,-144.0716511
"27",1,"Alaska","CLAM GULCH","MAIN OFFICE","21716004","65790 STERLING HWY","CLAM GULCH","AK","99568-9753","Feb-81","Landlord","4/1/2014","3/31/2019","P","P","Reimbursable","N",1,5,"SILVER PROPERTIES LLC","PO BOX 39571",NA,NA,"NINILCHIK","AK","996390571",640,21957,11592,18.11,12751,19.92,NA,NA,NA,NA,NA,NA,NA,NA,NA,NA,NA,NA,NA,NA,NA,60.2271022,-151.4001216
"28",1,"Alaska","CLARKS POINT","MAIN OFFICE SITE","21755003","LOT 11 BLOCK 10","CLARKS POINT","AK","99569-9998",NA,"USPS","3/1/2000","2/29/2020","Q","Z","Reimbursable","N",2,10,NA,NA,NA,NA,NA,NA,NA,0,13500,0,0,0,0,NA,NA,NA,NA,NA,NA,NA,NA,NA,NA,NA,NA,NA,NA,NA,58.8371397,-158.5257459
"29",1,"Alaska","COLD BAY","MAIN OFFICE SITE","21895002","LOT 4, BLK5, ADA 05663","COLD BAY","AK","99571-9998",NA,"USPS","7/23/1984","7/22/2019","Q","Z","None Specified","N",NA,NA,"STATE OF ALASKA","DOTFF CENTRAL REGION","ACCOUNTING RE LS ADA05663","PO BOX 196900","ANCHORAGE","AK","995196900",0,43700,1719.6,0.04,0,0,NA,NA,NA,NA,NA,NA,NA,NA,NA,NA,NA,NA,NA,NA,NA,NA,NA
"30",1,"Alaska","COOPER LANDING","MAIN OFFICE","21950002","38741 SNUG HARBOR RD","COOPER LANDING","AK","99572-9798","3-Jan","USPS (Not Roof)","1/17/2003","1/16/2023","A","A","Reimbursable","N",2,10,"DMRC LLC","3510 W 31ST AVE",NA,NA,"ANCHORAGE","AK","995171657",2887,43560,96175.63,33.31,89640,31.05,NA,NA,NA,NA,NA,NA,NA,NA,NA,NA,NA,NA,NA,NA,NA,60.490249,-149.80933
"31",1,"Alaska","CRAIG","MAIN OFFICE","22106002","303 THOMPSON RD","CRAIG","AK","99921-9800","Jun-92","USPS (Not Roof)","6/25/2012","6/24/2017","A","A","None Specified","N",NA,NA,"KOPCZYNSKI FAMILY LLC","720 S MONTAVILLA DR",NA,NA,"SPOKANE","WA","992241956",4368,49698,140000,32.05,124500,28.5,NA,NA,NA,NA,NA,NA,NA,NA,NA,NA,NA,NA,NA,NA,NA,55.4768787,-133.13903
"32",1,"Alaska","CROOKED CREEK","MAIN OFFICE SITE","22145004","LOT 7, US SURVEY 7716","CROOKED CREEK","AK","99575-9998",NA,"USPS","3/1/2000","2/29/2020","Q","Z","Reimbursable",NA,2,10,"KUSKOKWIM CORP","4300 B STREET","SUITE 207",NA,"ANCHORAGE","AK","995035951",0,43873,1800,0.04,2100,0.05,NA,NA,NA,NA,NA,NA,NA,NA,NA,NA,NA,NA,NA,NA,NA,NA,NA
"33",1,"Alaska","DEERING","MAIN OFFICE SITE","22262003","59B MAIN ST","DEERING ","AK","99736-9998",NA,"USPS","4/1/2010","3/31/2020","Q","Z","None Specified",NA,2,10,"NANA REGIONAL CORP INC","P O BOX 49",NA,NA,"KOTZEBUE","AK","997520049",0,6954,6000,0.86,7200,1.04,NA,NA,NA,NA,NA,NA,NA,NA,NA,NA,NA,NA,NA,NA,NA,NA,NA
"34",1,"Alaska","DENALI NATL PARK","CPO","23588003","55998 DENALI NATIONAL PARK","HEALY","AK","99755-9800",NA,"Landlord","8/1/2008","7/31/2038","X","O","None Specified",NA,NA,NA,"NATIONAL PARK SERVICE","DENALI NATL PK AND PRESERVE","MILE POST 237 PARKS HWY",NA,"DENALI PARK","AK","997559998",0,0,0,0,0,0,NA,NA,NA,NA,NA,NA,NA,NA,NA,NA,NA,NA,NA,NA,NA,NA,NA
"35",1,"Alaska","EAGLE","MAIN OFFICE SITE","22418002","200 2ND AVE","EAGLE","AK","99738-9998",NA,"USPS","1/1/2008","12/31/2017","Q","Z","None Specified","N",2,20,"HUNGWITCHIN CORPORATION","PO BOX 84594",NA,NA,"FAIRBANKS","AK","997084594",0,43969,2100,0.05,2700,0.06,NA,NA,NA,NA,NA,NA,NA,NA,NA,NA,NA,NA,NA,NA,NA,NA,NA
"36",1,"Alaska","EEK","MAIN OFFICE","22496002","9998 1ST ST","EEK","AK","99578-9800","Feb-88","USPS (Not Roof)","9/1/2000","8/31/2020","B","B","Percentage","N",2,10,"CITY OF EEK","P O BOX 9",NA,NA,"EEK","AK","995780009",1460,10795,16535,11.33,40880,28,NA,NA,NA,NA,NA,NA,NA,NA,NA,NA,NA,NA,NA,NA,NA,NA,NA
"37",1,"Alaska","EKWOK","MAIN OFFICE","22574004","1 POSTAL WAY","EKWOK","AK","99580-9800","Dec-99","Landlord","12/1/2014","11/30/2019","A","A","None Specified","N",NA,NA,"CITY OF EKWOK","EKWOK CITY COUNCIL","P O BOX 49",NA,"EKWOK","AK","995800049",443,443,9060,20.45,0,0,NA,NA,NA,NA,NA,NA,NA,NA,NA,NA,NA,NA,NA,NA,NA,59.350445,-157.4746706
"38",1,"Alaska","ELFIN COVE","MAIN OFFICE","22613004","1 MAIN ST","ELFIN COVE","AK","99825-9800","Apr-87","Landlord","4/15/2014","4/14/2019","B","B","None Specified",NA,NA,NA,"COMMUNITY OF ELFIN COVE","COMMUNITY BUILDING","PO BOX 36",NA,"ELFIN COVE","AK","998250036",216,3560,5750,26.62,0,0,NA,NA,NA,NA,NA,NA,NA,NA,NA,NA,NA,NA,NA,NA,NA,NA,NA
"39",1,"Alaska","ELIM","MAIN OFFICE","22652002","1 MAIN ST","ELIM","AK","99739-9800","Dec-82","Landlord","12/1/2014","11/30/2019","P","P","None Specified","N",NA,NA,"IRA COUNCIL","NATIVE VILLAGE OF ELIM","PO BOX 39070",NA,"ELIM","AK","997390070",450,450,9240,20.53,0,0,NA,NA,NA,NA,NA,NA,NA,NA,NA,NA,NA,NA,NA,NA,NA,64.6173437,-162.2605831
"40",1,"Alaska","EMMONAK","MAIN OFFICE","22672002","9998 KWIGUK ST","EMMONAK","AK","99581-9800","Jun-80","Landlord","2/4/2016","2/3/2021","B","B","None Specified",NA,NA,NA,"JACOB A JOHNSON","PO BOX 67",NA,NA,"EMMONAK","AK","995810067",1086,1518,23100,21.27,0,0,NA,NA,NA,NA,NA,NA,NA,NA,NA,NA,NA,NA,NA,NA,NA,62.7792386,-164.545571
"41",1,"Alaska","FALSE PASS","MAIN OFFICE","22808003","170 UMIAK DR","FALSE PASS","AK","99583-9800","Jan-00","USPS (Not Roof)","1/1/2000","12/31/2019","A","A","None Specified","N",2,10,"CITY OF FALSE PASS","PO BOX 50",NA,NA,"FALSE PASS","AK","995830050",930,7500,27900,30,37560,40.39,NA,NA,NA,NA,NA,NA,NA,NA,NA,NA,NA,NA,NA,NA,NA,54.84828,-163.4274201
"42",1,"Alaska","GAKONA","MAIN OFFICE","23075001","2.5 TOK CUTOFF","GAKONA","AK","99586-9800","Nov-71","Landlord","5/1/2015","4/30/2020","P","P","Reimbursable",NA,1,5,"ROCKY L WARD SR","P O BOX 354",NA,NA,"GAKONA","AK","995860354",902,5854,19552,21.68,21375,23.7,NA,NA,NA,NA,NA,NA,NA,NA,NA,NA,NA,NA,NA,NA,NA,62.585197,-144.6533151
"43",1,"Alaska","GALENA","MAIN OFFICE","23081003","511 GALENA RD","GALENA","AK","99741-9800","Nov-74","USPS (Not Roof)","6/1/2012","5/31/2017","P","P","None Specified",NA,1,5,"GANA-A YOO LIMITED","1205 E INTERNATIONAL AIRPORT RD STE",NA,NA,"ANCHORAGE","AK","995181409",2820,6000,10080,3.57,11100,3.94,NA,NA,NA,NA,NA,NA,NA,NA,NA,NA,NA,NA,NA,NA,NA,64.7420511,-156.8743675
"44",1,"Alaska","GOODNEWS BAY","MAIN OFFICE","23276002","9998 GOODNEWS BAY ST","GOODNEWS BAY","AK","99589-9800","Oct-97","Landlord","10/1/2007","9/30/2017","A","A","None Specified","N",NA,NA,"KUITSARAK INC","P O BOX 10",NA,NA,"GOODNEWS BAY","AK","995890010",544,10000,10000,18.38,10000,18.38,NA,NA,NA,NA,NA,NA,NA,NA,NA,NA,NA,NA,NA,NA,NA,59.1283487,-161.596454
"45",1,"Alaska","GRAYLING","MAIN OFFICE","23310003","1 POSTAL WAY","GRAYLING","AK","99590-9800","Feb-87","USPS (Not Roof)","3/1/2015","2/29/2020","A","A","None Specified",NA,2,10,"CITY OF GRAYLING","GENERAL DELIVERY",NA,NA,"GRAYLING","AK","995909999",663,34500,16140,24.34,17388,26.23,NA,NA,NA,NA,NA,NA,NA,NA,NA,NA,NA,NA,NA,NA,NA,62.90913,-160.07237
"46",1,"Alaska","GUSTAVUS","MAIN OFFICE SITE","23393002","AIRPORT RD","GUSTAVUS","AK","99826-9998",NA,"USPS","10/1/2004","9/30/2024","Q","Z","None Specified","N",NA,NA,"STATE OF ALASKA","DOT/PF ACCOUNTING","ACCOUNTS RECEIVABLE","3132 CHANNEL DRIVE","JUNEAU","AK","998017898",0,14000,1218,0.09,0,0,NA,NA,NA,NA,NA,NA,NA,NA,NA,NA,NA,NA,NA,NA,NA,58.4139273,-135.6769562
"47",1,"Alaska","HEALY","MAIN OFFICE SITE","23588002","LOT 7 BLK 3","HEALY","AK","99743-9998",NA,"USPS","8/1/1986","8/30/2041","Q","Z","None Specified","N",NA,NA,"STATE OF ALASKA","DIV OF LAND & WATER MGMT","ADL 412399","550 W 7TH AVE #900","ANCHORAGE","AK","995013577",0,46125,600,0.01,0,0,NA,NA,NA,NA,NA,NA,NA,NA,NA,NA,NA,NA,NA,NA,NA,63.8706152,-149.0062694
"48",1,"Alaska","HOLY CROSS","MAIN OFFICE SITE","23666002","100 4TH ST","HOLY CROSS","AK","99602-9998",NA,"USPS","7/1/2000","6/30/2020","Q","Z","Reimbursable","N",2,10,"WANDA NEWMAN","208 ZAPPA PL APT 1",NA,NA,"ANCHORAGE","AK","995041583",0,8250,3000,0.36,4080,0.49,NA,NA,NA,NA,NA,NA,NA,NA,NA,NA,NA,NA,NA,NA,NA,NA,NA
"49",1,"Alaska","HOONAH","MAIN OFFICE","23744002","310 HILL ST","HOONAH","AK","99829-9800","Jun-98","Landlord","6/12/1998","6/11/2018","A","A","Reimbursable",NA,2,10,"HUNA TOTEM CORPORATION","9309 GLACIER HWY STE A103",NA,NA,"JUNEAU","AK","998019300",2993,44322,127691.76,42.66,140063.28,46.8,NA,NA,NA,NA,NA,NA,NA,NA,NA,NA,NA,NA,NA,NA,NA,NA,NA
"50",1,"Alaska","HOOPER BAY","MAIN OFFICE","23783001","1 UNIAQ AVE","HOOPER BAY","AK","99604-9800","Oct-98","USPS (Not Roof)","10/2/1998","10/1/2018","A","A","None Specified",NA,2,10,"SEA LION CORPORATION","P O BOX 87",NA,NA,"HOOPER BAY","AK","996040087",2582,93218,116677,45.19,59084,22.88,NA,NA,NA,NA,NA,NA,NA,NA,NA,NA,NA,NA,NA,NA,NA,61.534843,-166.0989867
"51",1,"Alaska","HOPE","MAIN OFFICE SITE","23822003","19059 Logman Lane","HOPE","AK","99605-9998",NA,"USPS","9/1/2008","8/31/2028","Q","Z","Reimbursable",NA,4,20,"KENAI PENINSULA BOROUGH","144 N BINKLEY ST",NA,NA,"SOLDOTNA","AK","996697599",0,53140,3692.85,0.07,5753.33,0.11,NA,NA,NA,NA,NA,NA,NA,NA,NA,NA,NA,NA,NA,NA,NA,60.9165518,-149.62434
"52",1,"Alaska","HUGHES","MAIN OFFICE","23900001","110 FRONT ST","HUGHES","AK","99745-9800","Jun-85","USPS (Not Roof)","9/1/2000","8/31/2020","A","A","None Specified","N",2,10,"HUGHES CITY COUNCIL","PO BOX 45010",NA,NA,"HUGHES","AK","997455010",584,5000,16024,27.44,21582,36.96,NA,NA,NA,NA,NA,NA,NA,NA,NA,NA,NA,NA,NA,NA,NA,NA,NA
"53",1,"Alaska","HUSLIA","MAIN OFFICE","23920003","34 DAKLI ST","HUSLIA","AK","99746-9800","Aug-98","USPS (Not Roof)","8/1/2013","7/31/2018","A","A","None Specified",NA,1,5,"ROSIE SIMON","P O BOX 57",NA,NA,"HUSLIA","AK","997460057",650,5349,9000,13.85,10200,15.69,NA,NA,NA,NA,NA,NA,NA,NA,NA,NA,NA,NA,NA,NA,NA,65.7010438,-156.3905315
"54",1,"Alaska","JUNEAU","AUKE BAY STATION","24173003","11899 GLACIER HWY","JUNEAU","AK","99801-8628","Jun-74","Landlord","4/1/2012","3/31/2017","P","A",NA,NA,2,10,"MYRON W KLEIN","AND WRIGHT SERVICES","5454 SHAUNE DR",NA,"JUNEAU","AK","998019539",3249,28314,64330.3,19.8,69274.08,21.32,NA,NA,NA,NA,NA,NA,NA,NA,NA,NA,NA,NA,NA,NA,NA,58.3873761,-134.648905
"55",1,"Alaska","JUNEAU","DOUGLAS STATION","24173002","904 3RD ST","DOUGLAS","AK","99824-5414","Apr-66","Landlord","4/1/2016","3/31/2021","B","B","None Specified",NA,1,5,"MT BRADLEY ENTERPRISES INC","PO BOX 21414",NA,NA,"JUNEAU","AK","998021414",2369,12132,59225,25,64555,27.25,NA,NA,NA,NA,NA,NA,NA,NA,NA,NA,NA,NA,NA,NA,NA,58.276341,-134.3940531
"56",1,"Alaska","KALSKAG","MAIN OFFICE","24290004","9998 KALSKAG RD","KALSKAG","AK","99607-9800",NA,"USPS (Not Roof)","8/12/2008","8/11/2028","A","A","None Specified","N",4,20,"NATIVE VILLAGE OF KALSKAG","PO BOX 50",NA,NA,"KALSKAG","AK","996070050",1140,1140,6888,6.04,18810,16.5,NA,NA,NA,NA,NA,NA,NA,NA,NA,NA,NA,NA,NA,NA,NA,61.538545,-160.3223092
"57",1,"Alaska","KALTAG","MAIN OFFICE SITE","24329002","LOT 8B BLOCK 5","KALTAG","AK","99748-9998",NA,"USPS","8/1/1991","7/31/2016","Q","Z","None Specified","N",NA,NA,"CITY OF KALTAG","PO BOX 9",NA,NA,"KALTAG","AK","997480009",0,7978,10,0,10,0,NA,NA,NA,NA,NA,NA,NA,NA,NA,NA,NA,NA,NA,NA,NA,64.3215309,-158.7292874
"58",1,"Alaska","KARLUK","MAIN OFFICE","24407002","1 POSTAL WAY","KARLUK","AK","99608-9800","Aug-83","Landlord","8/1/2013","7/31/2018","P","P","None Specified",NA,1,5,"KARLUK VILLAGE COUNCIL","GENERAL DELIVERY",NA,NA,"KARLUK","AK","996089999",111,111,6600,59.46,6798,61.24,NA,NA,NA,NA,NA,NA,NA,NA,NA,NA,NA,NA,NA,NA,NA,57.56187,-154.43182
"59",1,"Alaska","KASIGLUK","MAIN OFFICE SITE","24476002","MISVIGMINT AND NAYAGAAM ST","KASIGLUK","AK","99609-9998",NA,"USPS","9/1/2015","8/31/2020","Q","Z","None Specified",NA,1,5,"KASIGLUK VILLAGE COUNCIL","PO BOX 19",NA,NA,"KASIGLUK","AK","996090019",0,16500,0,0,1,0,NA,NA,NA,NA,NA,NA,NA,NA,NA,NA,NA,NA,NA,NA,NA,NA,NA
"60",1,"Alaska","KIANA","MAIN OFFICE SITE","24602002","TAYLOR RD & KOZAK ST","KIANA","AK","99749-9998",NA,"USPS","10/1/2014","9/30/2019","Q","Z","None Specified",NA,1,5,"CITY OF KIANA","GENERAL DELIVERY",NA,NA,"KIANA","AK","997499998",0,5720,2400,0.42,2400,0.42,NA,NA,NA,NA,NA,NA,NA,NA,NA,NA,NA,NA,NA,NA,NA,39.975515,-82.76917
"61",1,"Alaska","KING COVE","MAIN OFFICE","24680006","38 WINDY WALKWAY","KING COVE","AK","99612-9800","Jul-99","Landlord","7/1/1999","6/30/2019","P","P","Reimbursable",NA,2,10,"KING COVE CORP","P O BOX 38",NA,NA,"KING COVE","AK","996120038",2582,25000,97944,37.93,120684,46.74,NA,NA,NA,NA,NA,NA,NA,NA,NA,NA,NA,NA,NA,NA,NA,55.0590644,-162.3132331
"62",1,"Alaska","KING SALMON","MAIN OFFICE","24719002","13 ALASKA HWY","KING SALMON","AK","99613-9800","Sep-91","USPS (Not Roof)","10/1/2011","9/30/2016","A","A","Reimbursable","N",NA,NA,"KOPCZYNSKI FAMILY LLC","720 S MONTAVILLA DR",NA,NA,"SPOKANE","WA","992241956",4368,4368,120000,27.47,124200,28.43,NA,NA,NA,NA,NA,NA,NA,NA,NA,NA,NA,NA,NA,NA,NA,58.6986404,-156.7050353
"63",1,"Alaska","KIPNUK","MAIN OFFICE SITE","24748002","125 FEET SW OF ARMORY","KIPNUK","AK","99614-9998",NA,"USPS","10/1/1986","9/30/2016","Q","Z","None Specified","N",NA,NA,"KUGKAKTLIK LIMITED","GENERAL DELIVERY",NA,NA,"KIPNUK","AK","996149999",0,10000,1,0,1,0,NA,NA,NA,NA,NA,NA,NA,NA,NA,NA,NA,NA,NA,NA,NA,NA,NA
"64",1,"Alaska","KIVALINA","MAIN OFFICE SITE","24758003","LOT 6, BLK 8","KIVALINA","AK","99750-9998",NA,"USPS","8/1/2013","7/31/2018","Q","Z","None Specified",NA,1,5,"CITY OF KIVALINA","GENERAL DELIVERY",NA,NA,"KIVALINA","AK","997509998",0,2400,1200,0.5,1200,0.5,NA,NA,NA,NA,NA,NA,NA,NA,NA,NA,NA,NA,NA,NA,NA,67.734231,-164.5582891
"65",1,"Alaska","KLAWOCK","MAIN OFFICE","24797002","6488 KLAWOCK HOLLIS HWY","KLAWOCK","AK","99925-9800","Mar-96","USPS (Not Roof)","3/1/2016","2/28/2021","A","A","Percentage","0",1,5,"KLAWOCK HEENYA CORP","PO BOX 129",NA,NA,"KLAWOCK","AK","999250129",2028,132846,46022,22.69,48370,23.85,NA,NA,NA,NA,NA,NA,NA,NA,NA,NA,NA,NA,NA,NA,NA,55.552139,-133.082077
"66",1,"Alaska","KOBUK","MAIN OFFICE","24875001","9998 AIRPORT RD","KOBUK","AK","99751-9800","May-85","Landlord","5/1/2016","4/30/2021","P","P","None Specified","N",NA,NA,"CITY OF KOBUK","P O BOX 20",NA,NA,"KOBUK","AK","997510020",360,360,7800,21.67,0,0,NA,NA,NA,NA,NA,NA,NA,NA,NA,NA,NA,NA,NA,NA,NA,66.9082454,-156.8848595
"67",1,"Alaska","KOTLIK","MAIN OFFICE","24989003","500 USPS BOARDWALK","KOTLIK","AK","99620-9800","1-Jan","USPS (Not Roof)","1/25/2001","1/24/2021","A","A","Reimbursable",NA,2,10,"TUNISTA PROPERTIES INC","5015 BUSINESS PARK BLVD",NA,NA,"ANCHORAGE","AK","99503-714",2075,21831,1e+05,48.19,1e+05,48.19,NA,NA,NA,NA,NA,NA,NA,NA,NA,NA,NA,NA,NA,NA,NA,63.0307,-163.5606
"68",1,"Alaska","KOTZEBUE","MAIN OFFICE","24992001","333 SHORE AVE","KOTZEBUE","AK","99752-9800","Apr-90","Landlord","9/1/2011","8/31/2017","P","P","None Specified",NA,1,6,"KIKIKTAGRUK INUPIAT","CORPORATION","PO BOX 1050",NA,"KOTZEBUE","AK","997521050",4479,5754,132475,29.58,163908,36.59,NA,NA,NA,NA,NA,NA,NA,NA,NA,NA,NA,NA,NA,NA,NA,66.8984485,-162.5990196
"69",1,"Alaska","KOYUK","MAIN OFFICE","25031003","200 BIRCH ST","KOYUK","AK","99753-9800","Oct-98","Landlord","10/6/2013","10/5/2018","A","A","None Specified","N",2,10,"NATIVE VILLAGE OF KOYUK IRA COUNCIL","P O BOX 30",NA,NA,"KOYUK","AK","997530030",550,653,9528,17.32,10482,19.06,NA,NA,NA,NA,NA,NA,NA,NA,NA,NA,NA,NA,NA,NA,NA,64.9304298,-161.1645842
"70",1,"Alaska","KOYUKUK","MAIN OFFICE SITE","25070004","LOT 1, BLK 5, USS 4488","KOYUKUK","AK","99754-9998",NA,"Unknown","6/1/2016","5/31/2021","Q","Z","None Specified",NA,1,5,"CITY OF KOYUKUK","P O BOX 49",NA,NA,"KOYUKUK","AK","997540049",0,5936,800,0.13,920,0.15,NA,NA,NA,NA,NA,NA,NA,NA,NA,NA,NA,NA,NA,NA,NA,NA,NA
"71",1,"Alaska","KWETHLUK","MAIN OFFICE SITE","25148003","500 AIRPORT RD","KWETHLUK","AK","99621-9998",NA,"USPS","9/27/2000","9/26/2020","Q","Z","Reimbursable","N",2,10,"ORGANIZED VILLAGE OF KWETHLUK","KWETHLUK IRA COUNCIL","PO BOX 129",NA,"KWETHLUK","AK","996210129",0,16250,3000,0.18,4056,0.25,NA,NA,NA,NA,NA,NA,NA,NA,NA,NA,NA,NA,NA,NA,NA,60.8097905,-161.4286856
"72",1,"Alaska","KWIGILLINGOK","MAIN POST OFFICE SITE","25187005","550 MAIN ST","KWIGILLINGOK","AK","99622-9998","8-Apr","USPS","4/1/2008","3/31/2018","Q","Z","Reimbursable",NA,4,20,"NATIVE VILLAGE OF KWIGILLINGOK","KWIGILLINGOK IRA COUNCIL","PO BOX 90",NA,"KWIGILLINGOK","AK","996220090",0,10000,15000,1.5,16500,1.65,NA,NA,NA,NA,NA,NA,NA,NA,NA,NA,NA,NA,NA,NA,NA,NA,NA
"73",1,"Alaska","LAKE MINCHUMINA","MAIN OFFICE","25265002","123 AIRPORT WAY","LAKE MINCHUMINA","AK","99757-9800",NA,"USPS (Not Roof)","10/13/2008","10/12/2018","P","P","None Specified",NA,NA,NA,"IDITAROD AREA SCHOOL DIST","PO BOX 90","123 MAIN ST",NA,"MCGRATH","AK","996270090",498,498,6000,12.05,0,0,NA,NA,NA,NA,NA,NA,NA,NA,NA,NA,NA,NA,NA,NA,NA,63.8841458,-152.3099922
"74",1,"Alaska","LARSEN BAY","MAIN OFFICE SITE","25304005","","LARSEN BAY","AK","99624-9998",NA,"USPS","5/1/2004","4/30/2024","Q","Z","None Specified",NA,2,10,"CITY OF LARSEN BAY","PO BOX 8",NA,NA,"LARSEN BAY","AK","996240008",0,46000,4800,0.1,7200,0.16,NA,NA,NA,NA,NA,NA,NA,NA,NA,NA,NA,NA,NA,NA,NA,57.54,-153.9786111
"75",1,"Alaska","LOWER KALSKAG","MAIN OFFICE SITE","25452003","100 E STREET","LOWER KALSKAG","AK","99626-9998",NA,"USPS","3/1/2000","2/29/2020","Q","A","Reimbursable",NA,2,10,"LOWER KALSKAG COMMUNITY COUNCIL","P O BOX 81",NA,NA,"LOWER KALSKAG","AK","996260081",0,12461,6000,0.48,8100,0.65,NA,NA,NA,NA,NA,NA,NA,NA,NA,NA,NA,NA,NA,NA,NA,61.5114621,-160.3633293
"76",1,"Alaska","MANLEY HOT SPRINGS","MAIN OFFICE","25506001","100 LANDING RD","MANLEY HOT SPRINGS","AK","99756-9800","Aug-75","Landlord","10/1/2015","9/30/2020","P","P","None Specified",NA,1,5,"MANLEY TRADING POST INC","GENERAL DELIVERY",NA,NA,"MANLEY HOT SPRINGS","AK","997569999",324,225,8100,25,9350,28.86,NA,NA,NA,NA,NA,NA,NA,NA,NA,NA,NA,NA,NA,NA,NA,64.9864689,-150.6339949
"77",1,"Alaska","MANOKOTAK","MAIN OFFICE SITE","25508003","3RD AND C ST","MANOKOTAK","AK","99628-9998",NA,"USPS","8/1/2015","7/31/2020","Q","Z","None Specified",NA,NA,NA,"CITY OF MANOKOTAK","PO BOX 170",NA,NA,"MANOKOTAK","AK","996280170",0,13000,0,0,0,0,NA,NA,NA,NA,NA,NA,NA,NA,NA,NA,NA,NA,NA,NA,NA,58.9810442,-159.0539732
"78",1,"Alaska","MARSHALL","MAIN OFFICE SITE","22964004","500 YUKON AVE","MARSHALL","AK","99585-9998",NA,"USPS","9/1/1999","8/31/2019","Q","A","Reimbursable","N",2,10,"CITY OF MARSHALL","P O BOX 9",NA,NA,"MARSHALL","AK","995850009",0,13606,6000,0.44,8100,0.6,NA,NA,NA,NA,NA,NA,NA,NA,NA,NA,NA,NA,NA,NA,NA,61.8786666,-162.0847575
"79",1,"Alaska","MCGRATH","MAIN OFFICE SITE","25460002","TAKOTNA AND E ST","MC GRATH","AK","99627-9998",NA,"USPS","6/1/2013","5/31/2018","Q","Z","None Specified",NA,1,5,"ANNA EGRASS","C/O VICKI OTTE POA","PO BOX 879022",NA,"WASILLA","AK","996878900",0,30106,8220,0.27,8580,0.28,NA,NA,NA,NA,NA,NA,NA,NA,NA,NA,NA,NA,NA,NA,NA,62.9513467,-155.5895257
"80",1,"Alaska","METLAKATLA","MAIN OFFICE SITE","25694002","352 EIGHTH AVE LOTS 4,5,9,10, BLK 107","METLAKATLA","AK","99926-9998",NA,"USPS","11/1/2012","10/31/2037","Q","Z","None Specified","N",NA,NA,"METLAKATLA INDIAN COMM","PO BOX 8",NA,NA,"METLAKATLA","AK","999260008",0,40000,1,0,0,0,NA,NA,NA,NA,NA,NA,NA,NA,NA,NA,NA,NA,NA,NA,NA,NA,NA
"81",1,"Alaska","MINTO","MAIN OFFICE SITE","25772004","100 3RD ST","MINTO","AK","99758-9998",NA,"USPS","8/18/2013","8/17/2018","Q","Z","None Specified","N",NA,NA,"STATE OF ALASKA","MUNICIPAL LAND TR OFFICE","COMMERCE COMM & ECON DEVEL","550 W 7TH AVE STE 1770","ANCHORAGE","AK","995013569",0,16000,525,0.03,0,0,NA,NA,NA,NA,NA,NA,NA,NA,NA,NA,NA,NA,NA,NA,NA,28.685494,77.266951
"82",1,"Alaska","MOOSE PASS","MAIN OFFICE","25811004","31785 POST OFFICE DR","MOOSE PASS","AK","99631-9800","1-Jan","USPS (Not Roof)","1/4/2001","1/3/2021","P","P","Reimbursable",NA,2,10,"KOPCZYNSKI FAMILY LLC","720 S MONTAVILLA DR",NA,NA,"SPOKANE","WA","992241956",1895,28068,84070,44.36,49820,26.29,NA,NA,NA,NA,NA,NA,NA,NA,NA,NA,NA,NA,NA,NA,NA,60.4864239,-149.3682305
"83",1,"Alaska","MOUNTAIN VILLAGE","MAIN OFFICE","25928003","9998 AIRPORT RD","MOUNTAIN VILLAGE","AK","99632-9800","Sep-84","Landlord","9/1/2014","8/31/2019","P","P","None Specified",NA,NA,NA,"AZACHOROK INC","PO BOX 32213",NA,NA,"MOUNTAIN VILLAGE","AK","996320213",1855,11160,32000,17.25,0,0,NA,NA,NA,NA,NA,NA,NA,NA,NA,NA,NA,NA,NA,NA,NA,62.0882786,-163.7254935
"84",1,"Alaska","NAKNEK","MAIN OFFICE","26006003","1/2 SCHOOL RD","NAKNEK","AK","99633-9800","Dec-96","Landlord","12/19/1996","12/18/2016","P","P","Reimbursable","Y",2,NA,"KOPCZYNSKI FAMILY LLC","720 S MONTAVILLA DR",NA,NA,"SPOKANE","WA","992241956",3062,46000,93120,30.41,105000,34.29,NA,NA,NA,NA,NA,NA,NA,NA,NA,NA,NA,NA,NA,NA,NA,58.7298664,-157.0071493
"85",1,"Alaska","NAPAKIAK","MAIN OFFICE","26042003","50 MARAQ RD","NAPAKIAK","AK","99634-9800","Jan-81","Landlord","11/1/1996","10/31/2016","A","A","None Specified","0",NA,NA,"NAPAKIAK CORPORATION","CORPORATION BUILDING",NA,NA,"NAPAKIAK","AK","996349999",816,1500,12730,15.6,14000,17.16,NA,NA,NA,NA,NA,NA,NA,NA,NA,NA,NA,NA,NA,NA,NA,60.6964711,-161.9813751
"86",1,"Alaska","NENANA","ANDERSON BRANCH","26123001","260 W 1ST ST","ANDERSON","AK","99744-9800","6-Oct","Landlord","10/1/2014","9/30/2019","A","A","None Specified",NA,1,5,"CITY OF ANDERSON","PO BOX 3100",NA,NA,"ANDERSON","AK","997443100",0,0,0,0,9900,0,NA,NA,NA,NA,NA,NA,NA,NA,NA,NA,NA,NA,NA,NA,NA,64.3436775,-149.1923708
"87",1,"Alaska","NEW STUYAHOK","MAIN OFFICE SITE","26168002","UNAVAILABLE","NEW STUYAHOK","AK","99636-9998",NA,"USPS","8/1/2014","7/31/2019","Q","Z","Reimbursable",NA,NA,NA,"NEW STUYAHOK CITY","COUNCIL","PO BOX 10",NA,"NEW STUYAHOK","AK","996360010",0,2500,840,0.34,0,0,NA,NA,NA,NA,NA,NA,NA,NA,NA,NA,NA,NA,NA,NA,NA,NA,NA
"88",1,"Alaska","NIKOLSKI","MAIN OFFICE","26240001","9998 NIKOLSKI RD","NIKOLSKI","AK","99638-9800","Sep-85","Landlord","9/1/1985",NA,"D","D","None Specified","N",NA,NA,"NIKOLSKI VILLAGE","COUNCIL","GENERAL DELIVERY",NA,"NIKOLSKI","AK","996389999",156,156,600,3.85,0,0,NA,NA,NA,NA,NA,NA,NA,NA,NA,NA,NA,NA,NA,NA,NA,52.9395088,-168.8611452
"89",1,"Alaska","NINILCHIK","MAIN OFFICE","26279002","15700 KINGSLEY RD","NINILCHIK","AK","99639-9759","Nov-82","Landlord","11/20/2011","11/19/2016","B","B","Reimbursable",NA,1,5,"KOPCZYNSKI FAMILY LLC","720 S MONTAVILLA DR",NA,NA,"SPOKANE","WA","992241956",2003,40000,35370,17.66,42063,21,NA,NA,NA,NA,NA,NA,NA,NA,NA,NA,NA,NA,NA,NA,NA,60.0445767,-151.6643753
"90",1,"Alaska","NOATAK","MAIN OFFICE","26318003","9998 NOATAK RD","NOATAK","AK","99761-9800","Apr-83","USPS (Not Roof)","5/1/2004","4/30/2024","P","P","Reimbursable","N",2,10,"NOATAK VILLAGE COUNCIL","GENERAL DELIVERY",NA,NA,"NOATAK","AK","997619998",950,5000,17784,18.72,26426,27.82,NA,NA,NA,NA,NA,NA,NA,NA,NA,NA,NA,NA,NA,NA,NA,67.56933,-162.9652199
"91",1,"Alaska","NOME","MPA-GROUND LEASE","26357001","LOT 1,BLK 20,ADA 03686","NOME","AK","99762-9998",NA,"Unknown","5/15/1985","5/14/2034","Q","A","None Specified","N",NA,NA,"STATE OF ALASKA","DEPT OF TRANSPORTATION & PUBLIC FAC","ADA #03686","2301 PEGER RD","FAIRBANKS","AK","997095316",0,28200,3778.8,0.13,0,0,NA,NA,NA,NA,NA,NA,NA,NA,NA,NA,NA,NA,NA,NA,NA,NA,NA
"92",1,"Alaska","NONDALTON","MAIN OFFICE","26396001","101 MAIN ST","NONDALTON","AK","99640-9800","Aug-76","USPS (Not Roof)","11/1/2008","10/31/2020","E","E","Percentage",NA,4,20,"CITY OF NONDALTON","PO BOX 89",NA,NA,"NONDALTON","AK","996400089",750,0,1500,2,12000,16,NA,NA,NA,NA,NA,NA,NA,NA,NA,NA,NA,NA,NA,NA,NA,NA,NA
"93",1,"Alaska","NORTHWAY","MAIN OFFICE MOD.SITE","26474002","MILE 7 NORTHWAY ROAD","NORTHWAY","AK","99764-9998",NA,"USPS","7/1/2009","6/30/2019","Q","E","None Specified",NA,NA,NA,"STATE OF ALASKA","DOT & PF ATTN LEASING OFFICE","CONTRACT #70820","2301 PEGER RD","FAIRBANKS","AK","997095316",0,14000,1400,0.1,0,0,NA,NA,NA,NA,NA,NA,NA,NA,NA,NA,NA,NA,NA,NA,NA,62.9671104,-141.8899884
"94",1,"Alaska","NULATO","MAIN OFFICE","26513003","250 NIKAGHUN ST","NULATO","AK","99765-9800","1-Jan","USPS (Not Roof)","1/25/2001","1/24/2021","A","A","Reimbursable",NA,2,10,"TUNISTA PROPERTIES INC","5015 BUSINESS PARK BLVD",NA,NA,"ANCHORAGE","AK","99503-714",2075,22500,1e+05,48.19,1e+05,48.19,NA,NA,NA,NA,NA,NA,NA,NA,NA,NA,NA,NA,NA,NA,NA,64.72886,-158.11307
"95",1,"Alaska","NUNAPITCHUK","MAIN OFFICE","26552003","9998 NUNAPITCHUK RD","NUNAPITCHUK","AK","99641-9800","1-Jan","USPS (Not Roof)","1/19/2001","1/18/2021","A","A","Reimbursable",NA,2,10,"TUNISTA PROPERTIES INC","5015 BUSINESS PARK BLVD",NA,NA,"ANCHORAGE","AK","99503-714",2075,16800,1e+05,48.19,1e+05,48.19,NA,NA,NA,NA,NA,NA,NA,NA,NA,NA,NA,NA,NA,NA,NA,60.8968757,-162.4592767
"96",1,"Alaska","OLD HARBOR","MAIN OFFICE SITE","26630001","100 THREE SAINTS AVE","OLD HARBOR","AK","99643-9998",NA,"USPS","10/1/2013","9/30/2018","Q","Z","None Specified",NA,1,5,"CITY OF OLD HARBOR","PO BOX 109",NA,NA,"OLD HARBOR","AK","996430109",0,4800,400,0.08,420,0.09,NA,NA,NA,NA,NA,NA,NA,NA,NA,NA,NA,NA,NA,NA,NA,57.2031043,-153.3069441
"97",1,"Alaska","PELICAN","MAIN OFFICE","26864001","171 A SALMON WAY","PELICAN","AK","99832-9800","Mar-55","Landlord","5/1/2015","4/30/2020","P","P",NA,NA,NA,NA,"CITY OF PELICAN","PO BOX 737",NA,NA,"PELICAN","AK","998320737",600,1200,9000,15,0,0,NA,NA,NA,NA,NA,NA,NA,NA,NA,NA,NA,NA,NA,NA,NA,57.9598746,-136.2316119
"98",1,"Alaska","PERRYVILLE","MAIN OFFICE SITE","26885003","16 N BROOKS ACCESS RD","PERRYVILLE","AK","99648-9998",NA,"USPS","6/1/2000","5/30/2020","Q","Z","Reimbursable",NA,2,10,"STATE OF ALASKA","MUNICIPAL LAND TRUST","550 W 7TH AVE #1770",NA,"ANCHORAGE","AK","995013510",0,43545,3000,0.07,0,0,NA,NA,NA,NA,NA,NA,NA,NA,NA,NA,NA,NA,NA,NA,NA,NA,NA
"99",1,"Alaska","PETERSBURG","MAIN OFFICE SITE","26903001","1201 HAUGEN DR","PETERSBURG","AK","99833-9998",NA,"USPS","9/1/1999","8/31/2049","Q","Z","None Specified",NA,NA,NA,"STATE OF ALASKA","DOT & PUBLIC FACILITIES","PO BOX 112506",NA,"JUNEAU","AK","998112506",0,96815,20137.55,0.21,0,0,NA,NA,NA,NA,NA,NA,NA,NA,NA,NA,NA,NA,NA,NA,NA,56.8089263,-132.9393055
"100",1,"Alaska","PILOT STATION","MAIN OFFICE SITE","27020003","LOT 3 BLOCK 6 PENGURAQ SUBDIVISION","PILOT STATION","AK","99650-9998",NA,"USPS","3/1/1997","2/28/2017","Q","Z","None Specified",NA,2,10,"CITY OF PILOT STATION","GENERAL DELIVERY",NA,NA,"PILOT STATION","AK","996509998",0,12500,6000,0.48,6500,0.52,NA,NA,NA,NA,NA,NA,NA,NA,NA,NA,NA,NA,NA,NA,NA,NA,NA
"101",1,"Alaska","PLATINUM","MAIN OFFICE","27059001","1 MAIN ST","PLATINUM","AK","99651-9800","Jan-55","Landlord","1/1/2016","12/31/2020","A","A","None Specified","N",NA,NA,"OMNI ENTERPRISES INC","P O BOX 369",NA,NA,"TROUT LAKE","WA","986500369",165,165,4260,25.82,0,0,NA,NA,NA,NA,NA,NA,NA,NA,NA,NA,NA,NA,NA,NA,NA,59.0135345,-161.8192047
"102",1,"Alaska","POINT BAKER","MAIN OFFICE","27098002","9998 STATE FLOAT","POINT BAKER","AK","99927-9800","Jan-84","USPS","2/1/2014","1/31/2019","P","X","None Specified",NA,1,5,"POINT BAKER COMMUNITY ASSOCIATION","PO BOX 31",NA,NA,"POINT BAKER","AK","999270031",266,266,7200,27.07,7315,27.5,NA,NA,NA,NA,NA,NA,NA,NA,NA,NA,NA,NA,NA,NA,NA,56.35099,-133.6272
"103",1,"Alaska","POINT HOPE","MAIN OFFICE","27137001","655 TIKIGAQ AVE","POINT HOPE","AK","99766-9800","Nov-99","USPS (Not Roof)","11/16/1999","11/15/2019","A","A","Percentage",NA,2,10,"TIKIGAQ CONSTRUCTION LLC","TIKIGAQ FUEL STATION","301 W NORTHERN LIGHTS BLVD STE 660",NA,"ANCHORAGE","AK","995032650",2860,12500,125800,43.99,175000,61.19,NA,NA,NA,NA,NA,NA,NA,NA,NA,NA,NA,NA,NA,NA,NA,68.3496554,-166.7332035
"104",1,"Alaska","PORT ALSWORTH","MAIN OFFICE","27332004","1 FLIGHT LINE RD","PORT ALSWORTH","AK","99653-9998","12-Jun","Landlord","6/1/2012","5/31/2017","P","P","None Specified",NA,2,8,"PORT ALSWORTH IMPROVEMENT CORPORATION","GENERAL DELIVERY","PO BOX 9998",NA,"PORT ALSWORTH","AK","996539998",519,43560,36000,69.36,37000,71.29,NA,NA,NA,NA,NA,NA,NA,NA,NA,NA,NA,NA,NA,NA,NA,60.1998169,-154.3090515
"105",1,"Alaska","PORT LIONS","MAIN OFFICE","27412001","520 MAIN ST","PORT LIONS","AK","99550-9800","Jul-84","Landlord","7/1/2012","6/30/2017","P","P","None Specified",NA,1,5,"KEVIN W ADKINS","KATHRYN E ADKINS","PO BOX 50",NA,"PORT LIONS","AK","995500050",576,576,12900,22.4,12900,22.4,NA,NA,NA,NA,NA,NA,NA,NA,NA,NA,NA,NA,NA,NA,NA,57.866697,-152.880085
"106",1,"Alaska","QUINHAGAK","MAIN OFFICE","27449003","101 QANIRTUUQ RD","QUINHAGAK","AK","99655-9800","Feb-84","Landlord","2/1/2014","1/31/2019","P","P","None Specified",NA,1,5,"IRA COUNCIL OF QUINHAGAK","GENERAL DELIVERY",NA,NA,"QUINHAGAK","AK","996559999",383,0,8407,21.95,8828,23.05,NA,NA,NA,NA,NA,NA,NA,NA,NA,NA,NA,NA,NA,NA,NA,59.7497519,-161.9047174
"107",1,"Alaska","RED DEVIL","MAIN OFFICE","27498005","40 RIVER RD","RED DEVIL","AK","99656-9800","Nov-00","USPS (Not Roof)","11/15/2000","11/14/2020","A","Z","Reimbursable",NA,2,10,"DMRC LLC","3510 W 31ST AVE",NA,NA,"ANCHORAGE","AK","995171657",920,39105,43800,47.61,44895,48.8,NA,NA,NA,NA,NA,NA,NA,NA,NA,NA,NA,NA,NA,NA,NA,NA,NA
"108",1,"Alaska","RUSSIAN MISSION","MAIN OFFICE SITE","27566004","500 AYAK LOOP","RUSSIAN MISSION","AK","99657-9998",NA,"USPS","5/1/2000","4/30/2020","Q","Z","Reimbursable",NA,2,10,"CITY OF RUSSIAN MISSION","P O BOX 49",NA,NA,"RUSSIAN MISSION","AK","996570049",0,23958,6000,0.25,8082,0.34,NA,NA,NA,NA,NA,NA,NA,NA,NA,NA,NA,NA,NA,NA,NA,61.785693,-161.3317303
"109",1,"Alaska","SCAMMON BAY","MAIN OFFICE","27780003","102 JOHNSON RD","SCAMMON BAY","AK","99662-9800","1-Oct","USPS (Not Roof)","10/4/2001","10/3/2021","A","A","Reimbursable",NA,2,10,"MARAYARMIUT INC","PO BOX 89",NA,NA,"SCAMMON BAY","AK","996620089",2080,7000,119173,57.29,86002,41.35,NA,NA,NA,NA,NA,NA,NA,NA,NA,NA,NA,NA,NA,NA,NA,61.8419,-165.5772
"110",1,"Alaska","SELDOVIA","MAIN OFFICE","27839001","251 MAIN ST","SELDOVIA","AK","99663-9800","Aug-68","Landlord","11/1/2013","10/31/2018","P","P","None Specified",NA,NA,NA,"DICK REASON AND","SAMMIE REASON","PO BOX 3819",NA,"TONOPAH","NV","890493819",863,6019,25000,28.97,0,0,NA,NA,NA,NA,NA,NA,NA,NA,NA,NA,NA,NA,NA,NA,NA,59.4384228,-151.7154026
"111",1,"Alaska","SHAGELUK","MAIN OFFICE SITE","27917003","200 MAIN ST","SHAGELUK","AK","99665-9998",NA,"USPS","5/1/2000","4/30/2020","Q","Z","None Specified",NA,2,10,"CITY OF SHAGELUK","P O BOX 107",NA,NA,"SHAGELUK","AK","996650107",0,10420,4800,0.46,6480,0.62,NA,NA,NA,NA,NA,NA,NA,NA,NA,NA,NA,NA,NA,NA,NA,62.655039,-159.527696
"112",1,"Alaska","SHAKTOOLIK","MAIN OFFICE","27956002","123 MAIN ST","SHAKTOOLIK","AK","99771-9800","Feb-84","Landlord","10/1/2012","9/30/2017","P","P","None Specified",NA,1,5,"CITY OF SHAKTOOLIK","GENERAL DELIVERY",NA,NA,"SHAKTOOLIK","AK","997719999",336,1000,7200,21.43,7800,23.21,NA,NA,NA,NA,NA,NA,NA,NA,NA,NA,NA,NA,NA,NA,NA,NA,NA
"113",1,"Alaska","SHISHMAREF","MAIN OFFICE","27995004","123 MAIN ST","SHISHMAREF","AK","99772-9800","Oct-95","Landlord","10/15/2015","10/14/2020","A","A","None Specified","Y",1,NA,"CITY OF SHISHMAREF","PO BOX 83",NA,NA,"SHISHMAREF","AK","997720083",915,915,18684,20.42,19620,21.44,NA,NA,NA,NA,NA,NA,NA,NA,NA,NA,NA,NA,NA,NA,NA,66.2566431,-166.0668288
"114",1,"Alaska","SHUNGNAK","MAIN OFFICE","28034004","9998 SHUNGNAK RD","SHUNGNAK","AK","99773-9800","Oct-83","Landlord","10/1/2014","9/30/2019","P","P","None Specified","N",NA,NA,"CITY OF SHUNGNAK","GENERAL DELIVERY",NA,NA,"SHUNGNAK","AK","997739999",588,748,6960,11.84,0,0,NA,NA,NA,NA,NA,NA,NA,NA,NA,NA,NA,NA,NA,NA,NA,66.8865018,-157.1452968
"115",1,"Alaska","SKAGWAY","MAIN OFFICE","28112001","641 BROADWAY ST","SKAGWAY","AK","99840-9800","Mar-58","Landlord","4/18/1998","4/17/2018","A","A","Percentage","N",2,10,"WELLS FARGO BANK, N.A.","PO BOX 196127",NA,NA,"ANCHORAGE","AK","995196127",4672,5000,129696,27.76,135946,29.1,NA,NA,NA,NA,NA,NA,NA,NA,NA,NA,NA,NA,NA,NA,NA,59.4562326,-135.3141486
"116",1,"Alaska","SKWENTNA","MAIN OFFICE","28151002","100 MAIN ST","SKWENTNA","AK","99667-9800","Sep-86","Landlord","10/1/2015","9/30/2020","A","A","None Specified","N",1,NA,"PATRICK SIDNEY DELIA","5515 E FIREWEED RD #1",NA,NA,"PALMER","AK","996458456",320,320,10200,31.88,0,0,NA,NA,NA,NA,NA,NA,NA,NA,NA,NA,NA,NA,NA,NA,NA,62.0807712,-152.0570322
"117",1,"Alaska","SLEETMUTE","MAIN OFFICE","28229005","100 POST OFFICE DR","SLEETMUTE","AK","99668-9800","Mar-00","USPS (Not Roof)","3/13/2000","3/12/2020","A","Z","Reimbursable","Y",2,10,"DMRC LLC","3510 W 31ST AVE",NA,NA,"ANCHORAGE","AK","995171657",920,22000,43800,47.61,43895,47.71,NA,NA,NA,NA,NA,NA,NA,NA,NA,NA,NA,NA,NA,NA,NA,61.7022671,-157.1689999
"118",1,"Alaska","SOUTH NAKNEK","MAIN OFFICE","28346003","500 7TH ST","SOUTH NAKNEK","AK","99670-9800","1-Feb","USPS (Not Roof)","2/26/2001","2/25/2021","A","A","Reimbursable",NA,2,10,"KOPCZYNSKI FAMILY LLC","720 S MONTAVILLA DR",NA,NA,"SPOKANE","WA","992241956",1425,79846,71500,50.18,50000,35.09,NA,NA,NA,NA,NA,NA,NA,NA,NA,NA,NA,NA,NA,NA,NA,58.7139286,-157.0032588
"119",1,"Alaska","ST MARYS","MAIN OFFICE","27586004","101 ALSTROM ST","SAINT MARYS","AK","99658-9800","Nov-98","USPS (Not Roof)","11/18/1998","11/17/2018","A","Z","None Specified",NA,2,10,"NERKLIKMUTE NATIVE CORPORATION","P O BOX 87",NA,NA,"SAINT MARY'S","AK","996580087",3049,35250,132000,43.29,175000,57.4,NA,NA,NA,NA,NA,NA,NA,NA,NA,NA,NA,NA,NA,NA,NA,62.0468288,-163.191751
"120",1,"Alaska","ST MICHAEL","MAIN OFFICE","27605006","1 POSTAL WAY","SAINT MICHAEL","AK","99659-9800","2-Dec","USPS","1/6/2008",NA,"D","D","None Specified",NA,NA,NA,"STATE OF ALASKA","ARMORY NATIONAL GUARD","FACILITIES MANAGEMENT OFFICE","PO BOX 5-549","FT RICHARDSON","AK","995055549",900,1200,0,0,0,0,NA,NA,NA,NA,NA,NA,NA,NA,NA,NA,NA,NA,NA,NA,NA,63.478322,-162.0399401
"121",1,"Alaska","ST PAUL ISLAND","DETACHED LOCKBOX UNIT","27644004","MAIN ST","SAINT GEORGE ISLAND","AK","99591-9998","Mar-96","Landlord","3/1/2014","2/28/2019","X","X","None Specified",NA,NA,NA,"ST GEORGE TANAQ CORP","4141 B ST STE 301",NA,NA,"ANCHORAGE","AK","995035941",490,0,9000,18.37,0,0,NA,NA,NA,NA,NA,NA,NA,NA,NA,NA,NA,NA,NA,NA,NA,56.6009,-169.5772
"122",1,"Alaska","ST PAUL ISLAND","MAIN OFFICE","27644003","2000 POLOVINA TPKE","SAINT PAUL ISLAND","AK","99660-9800","Dec-98","USPS (Not Roof)","12/24/1998","12/23/2018","A","A","Reimbursable",NA,2,8,"PRIBILOF DEVELOPMENT CO LLC","615 E 82ND AVE STE 200",NA,NA,"ANCHORAGE","AK","99518",3062,34000,116000,37.88,187500,61.23,NA,NA,NA,NA,NA,NA,NA,NA,NA,NA,NA,NA,NA,NA,NA,57.135139,-170.265492
"123",1,"Alaska","STEBBINS","MAIN OFFICE","28424004","100 MAIN ST","STEBBINS","AK","99671-9800","Dec-82","Landlord","12/1/2011","11/30/2016","B","B","None Specified","N",1,5,"CITY OF STEBBINS","PO BOX 71022",NA,NA,"STEBBINS","AK","996710022",300,300,9240,30.8,10200,34,NA,NA,NA,NA,NA,NA,NA,NA,NA,NA,NA,NA,NA,NA,NA,NA,NA
"124",1,"Alaska","STEVENS VILLAGE","MAIN OFFICE","28502006","9774 STEVENS VILLAGE RD","STEVENS VILLAGE","AK","99774-9800","9-May","Unknown","5/21/2016","5/20/2021","A","A","None Specified",NA,NA,NA,"STEVENS VILLAGE IRA COUNCIL","PO BOX 74319",NA,NA,"FAIRBANKS","AK","997074319",432,0,9480,21.94,0,0,NA,NA,NA,NA,NA,NA,NA,NA,NA,NA,NA,NA,NA,NA,NA,66.00578,-149.0941649
"125",1,"Alaska","TANANA","MAIN OFFICE","28775001","100 FRONT ST","TANANA","AK","99777-9800","Oct-65","Landlord","10/1/2014","9/30/2019","C","C","None Specified",NA,NA,NA,"DALE ERICKSON","CYNTHIA ERICKSON","P O BOX 77069",NA,"TANANA","AK","997770069",1013,4263,15166,14.97,0,0,NA,NA,NA,NA,NA,NA,NA,NA,NA,NA,NA,NA,NA,NA,NA,65.199173,-152.014076
"126",1,"Alaska","TENAKEE SPRINGS","MAIN OFFICE","28892002","108 E TENAKEE AVE","TENAKEE SPRINGS","AK","99841-9800","Jul-79","Landlord","7/17/2014","7/16/2019","P","P","None Specified",NA,NA,NA,"JAMES M DONAGHEY","KARLA A DONAGHEY","PO BOX 34513",NA,"JUNEAU","AK","998034513",422,422,9700,22.99,0,0,NA,NA,NA,NA,NA,NA,NA,NA,NA,NA,NA,NA,NA,NA,NA,57.7801367,-135.2176764
"127",1,"Alaska","TOGIAK","MAIN OFFICE","28953002","9998 AIRPORT WAY","TOGIAK","AK","99678-9800","Dec-99","Landlord","12/15/1999","12/14/2019","P","P","Reimbursable",NA,2,10,"TPO INC","2404 BOYER AVE E",NA,NA,"SEATTLE","WA","981122119",3049,22374,123072.26,40.36,135000,44.28,NA,NA,NA,NA,NA,NA,NA,NA,NA,NA,NA,NA,NA,NA,NA,59.0757624,-160.2760843
"128",1,"Alaska","TUNUNAK","MAIN OFFICE","29087001","100 AIRPORT WAY","TUNUNAK","AK","99681-9800","1-Oct","USPS (Not Roof)","10/27/2001","10/26/2021","A","A","Reimbursable","Y",2,10,"DMRC LLC","3510 W 31ST AVE",NA,NA,"ANCHORAGE","AK","995171657",2075,11250,83800,40.39,85284,41.1,NA,NA,NA,NA,NA,NA,NA,NA,NA,NA,NA,NA,NA,NA,NA,60.580527,-165.264982
"129",1,"Alaska","TYONEK","MAIN OFFICE SITE","29165002","LOT 16","TYONEK","AK","99682-9998",NA,"USPS","9/1/2014","8/31/2019","Q","Z","None Specified",NA,NA,NA,"NATIVE VILLAGE OF TYONEK","PO BOX 82009",NA,NA,"TYONEK","AK","996820009",0,28000,500,0.02,0,0,NA,NA,NA,NA,NA,NA,NA,NA,NA,NA,NA,NA,NA,NA,NA,61.0727626,-151.1473365
"130",1,"Alaska","UNALAKLEET","MAIN OFFICE","29243002","100 MAIN ST","UNALAKLEET","AK","99684-9800",NA,"USPS (Not Roof)","11/17/2008","11/16/2018","A","A","Percentage",NA,4,20,"UNALAKLEET NATIVE CORPORATION","P O BOX 100",NA,NA,"UNALAKLEET","AK","996840100",2585,0,57510,22.25,68730,26.59,NA,NA,NA,NA,NA,NA,NA,NA,NA,NA,NA,NA,NA,NA,NA,63.8746921,-160.7895623
"131",1,"Alaska","UNALASKA","DUTCH HARBOR SITE","29282004","1745 AIRPORT BEACH RD","UNALASKA","AK","99692-9800",NA,"USPS","7/1/1994","6/30/2034","Q","Z","None Specified","N",NA,NA,"ALEUTIAN DEVELOPMENT CO","PO BOX 149",NA,NA,"UNALASKA","AK","996850149",0,109025,84324,0.77,0,0,NA,NA,NA,NA,NA,NA,NA,NA,NA,NA,NA,NA,NA,NA,NA,53.8841781,-166.5545958
"132",1,"Alaska","VENETIE","MAIN OFFICE SITE","29370003","100 MAIN ST","VENETIE","AK","99781-9998",NA,"USPS","4/1/1998","2/29/2020","X","Z","Reimbursable",NA,3,15,"NATIVE VILLAGE OF VENETIE","TRIBAL GOVERNMENT","P O BOX 81080",NA,"VENETIE","AK","997810080",0,76230,2400,0.03,3000,0.04,NA,NA,NA,NA,NA,NA,NA,NA,NA,NA,NA,NA,NA,NA,NA,67.0276129,-146.4087852
"133",1,"Alaska","WALES","MAIN OFFICE SITE","29477003","500 AIRPORT JUNCTION RD","WALES","AK","99783-9998",NA,"USPS","5/15/1999","5/14/2019","Q","Z","Reimbursable",NA,2,10,"WALES NATIVE CORP","PO BOX 529",NA,NA,"WALES","AK","997830529",0,24465,6000,0.25,8100,0.33,NA,NA,NA,NA,NA,NA,NA,NA,NA,NA,NA,NA,NA,NA,NA,65.6107802,-168.0897836
"134",1,"Alaska","WHITE MOUNTAIN","MAIN OFFICE SITE","29594003","VILLAGE CORPORATION","WHITE MOUNTAIN","AK","99784-9998",NA,"USPS","7/1/2014","6/30/2019","X","Z","None Specified",NA,NA,NA,"WHITE MOUNTAIN","NATIVE CORPORATION","GENERAL DELIVERY",NA,"WHITE MOUNTAIN","AK","997849999",0,2000,1020,0.51,0,0,NA,NA,NA,NA,NA,NA,NA,NA,NA,NA,NA,NA,NA,NA,NA,64.6753679,-163.393509
"135",1,"Alaska","YAKUTAT","MAIN OFFICE","29828001","477 MALLOTTS AVE","YAKUTAT","AK","99689-9800","Nov-64","Landlord","11/23/2014","11/22/2019","P","P","None Specified",NA,1,5,"LARRY & CAROLINE POWELL DBA","L & C RENTALS","P O BOX 159",NA,"YAKUTAT","AK","996890159",1399,12000,28380,20.29,31218,22.31,NA,NA,NA,NA,NA,NA,NA,NA,NA,NA,NA,NA,NA,NA,NA,59.550023,-139.7321762
"136",0,"Alaska","AKIAK","MAIN OFFICE BLDG",NA,"250 OFF DOOPS ST","AKIAK","AK","99552-9800",NA,NA,NA,NA,NA,NA,NA,NA,NA,NA,NA,NA,NA,NA,NA,NA,NA,2075,0,NA,NA,NA,NA,"020078-G01",20078,"BETHEL","Active","Owned",NA,NA,NA,NA,"USPS Building, Const. by USPS","Land Data on separate record","USPS","No","3/1/2002","0",60.9084872,-161.2224453
"137",0,"Alaska","AMBLER","MAIN OFFICE",NA,"9998 AMBLER AVE","AMBLER","AK","99786-9800",NA,NA,NA,NA,NA,NA,NA,NA,NA,NA,NA,NA,NA,NA,NA,NA,NA,480,3250,NA,NA,NA,NA,"020288-G01",20288,"NORTHWEST ARCTIC","Active","Owned",1352927,"Z10008","Post Office","Part Time Post Office (PTPO)","USPS Building, Const. by USPS","Land Data on separate record","USPS","No","2/1/1986"," 1/7",67.0844952,-157.8628762
"138",0,"Alaska","ANAKTUVUK PASS","MAIN OFFICE BLDG",NA,"1104 SUMMER ST","ANAKTUVUK PASS","AK","99721-9800",NA,NA,NA,NA,NA,NA,NA,NA,NA,NA,NA,NA,NA,NA,NA,NA,NA,1262,0,NA,NA,NA,NA,"020306-G01",20306,"NORTHWEST ARCTIC","Active","Owned",1353020,"Z10009","Post Office","Part Time Post Office (PTPO)","USPS Building, Const. by USPS","Land Data on separate record","USPS","No","11/1/2007","0",68.1407179,-151.7336079
"139",0,"Alaska","ANCHORAGE","EASTCHESTER STATION",NA,"800 INGRA ST","ANCHORAGE","AK","99501-9998",NA,NA,NA,NA,NA,NA,NA,NA,NA,NA,NA,NA,NA,NA,NA,NA,NA,14840,86584,NA,NA,NA,NA,"020312-G12",20320,"ANCHORAGE","Active","Owned",1361901,"Z10090","Post Office","Station","USPS Building, Const. by USPS","USPS Land, Not Prev. Leased","USPS","Yes","10/1/1985"," 1/6",61.2140377,-149.8678739
"140",0,"Alaska","ANCHORAGE","HUFFMAN STATION SOUTH",NA,"1221 HUFFMAN PARK DR","ANCHORAGE","AK","99515-9998",NA,NA,NA,NA,NA,NA,NA,NA,NA,NA,NA,NA,NA,NA,NA,NA,NA,14840,156000,NA,NA,NA,NA,"020312-G10",20323,"ANCHORAGE","Active","Owned",1367579,"Z10141","Post Office","Station","USPS Building, Const. by USPS","USPS Land, Not Prev. Leased","USPS","Yes","7/1/1985"," 0/1",61.1109855,-149.8592596
"141",0,"Alaska","ANCHORAGE","LAKE OTIS STATION",NA,"5855 LAKE OTIS PKWY","ANCHORAGE","AK","99507-9998",NA,NA,NA,NA,NA,NA,NA,NA,NA,NA,NA,NA,NA,NA,NA,NA,NA,14840,147767,NA,NA,NA,NA,"020312-G11",20324,"ANCHORAGE","Active","Owned",1369623,"Z10183","Post Office","Station","USPS Building, Const. by USPS","USPS Land, Not Prev. Leased","USPS","Yes","12/1/1985"," 1/9",61.1681716,-149.8366933
"142",0,"Alaska","ANCHORAGE","MIDTOWN STATION",NA,"3720 BARROW ST","ANCHORAGE","AK","99599-9998",NA,NA,NA,NA,NA,NA,NA,NA,NA,NA,NA,NA,NA,NA,NA,NA,NA,40927,165213,NA,NA,NA,NA,"020312-G16",20326,"ANCHORAGE","Active","Owned",1373018,"Z10202","Post Office","Station","USPS Building, Const. by USPS","USPS Land, Not Prev. Leased","USPS","Yes","9/1/1986"," 1/4",61.1861809,-149.8814633
"143",0,"Alaska","ANCHORAGE","MIDTOWN STATION",NA,"3720 BARROW ST","ANCHORAGE","AK","99599-9998",NA,NA,NA,NA,NA,NA,NA,NA,NA,NA,NA,NA,NA,NA,NA,NA,NA,40927,165213,NA,NA,NA,NA,"020312-G16",20326,"ANCHORAGE","Active","Owned",1440330,"Z18397","Administrative Office","District Administrative Office (DM)","USPS Building, Const. by USPS","USPS Land, Not Prev. Leased","USPS","Yes","9/1/1986"," 1/4",61.1861809,-149.8814633
"144",0,"Alaska","ANCHORAGE","MIDTOWN STATION",NA,"3720 BARROW ST","ANCHORAGE","AK","99599-9998",NA,NA,NA,NA,NA,NA,NA,NA,NA,NA,NA,NA,NA,NA,NA,NA,NA,40927,165213,NA,NA,NA,NA,"020312-G16",20326,"ANCHORAGE","Active","Owned",1444058,"8332","Administrative Office","Consumer Affairs Office","USPS Building, Const. by USPS","USPS Land, Not Prev. Leased","USPS","Yes","9/1/1986"," 1/4",61.1861809,-149.8814633
"145",0,"Alaska","ANCHORAGE","MULDOON STATION",NA,"2420 MULDOON RD","ANCHORAGE","AK","99504-3673",NA,NA,NA,NA,NA,NA,NA,NA,NA,NA,NA,NA,NA,NA,NA,NA,NA,14840,160000,NA,NA,NA,NA,"020312-G14",20327,"ANCHORAGE","Active","Owned",1374209,"Z10208","Post Office","Station","USPS Building, Const. by USPS","USPS Land, Not Prev. Leased","USPS","Yes","7/1/1985"," 0/1",61.1975057,-149.735545
"146",0,"Alaska","ANCHORAGE","PDC AMF",NA,"4141 POSTMARK DR RM 195","ANCHORAGE","AK","99530-9775",NA,NA,NA,NA,NA,NA,NA,NA,NA,NA,NA,NA,NA,NA,NA,NA,NA,266618,573844,NA,NA,NA,NA,"020313-G05",20325,"ANCHORAGE","Active","Owned",1432844,"1083","Administrative Office","Post Office Administrative Office (Staff)","USPS Building, Const. by USPS","Land Data on separate record","USPS","Yes","12/1/1976"," 4/9",61.183517,-149.9865992
"147",0,"Alaska","ANCHORAGE","PDC AMF",NA,"4141 POSTMARK DR RM 195","ANCHORAGE","AK","99530-9775",NA,NA,NA,NA,NA,NA,NA,NA,NA,NA,NA,NA,NA,NA,NA,NA,NA,266618,573844,NA,NA,NA,NA,"020313-G05",20325,"ANCHORAGE","Active","Owned",1439416,"Z10188","Post Office","Finance Station","USPS Building, Const. by USPS","Land Data on separate record","USPS","Yes","12/1/1976"," 4/9",61.183517,-149.9865992
"148",0,"Alaska","ANCHORAGE","PDC AMF",NA,"4141 POSTMARK DR RM 195","ANCHORAGE","AK","99530-9775",NA,NA,NA,NA,NA,NA,NA,NA,NA,NA,NA,NA,NA,NA,NA,NA,NA,266618,573844,NA,NA,NA,NA,"020313-G05",20325,"ANCHORAGE","Active","Owned",1440380,"Z18882","Network Facilities","Airport Mail Center or Facility (AMC/AMF)","USPS Building, Const. by USPS","Land Data on separate record","USPS","Yes","12/1/1976"," 4/9",61.183517,-149.9865992
"149",0,"Alaska","ANCHORAGE","PDC AMF",NA,"4141 POSTMARK DR RM 195","ANCHORAGE","AK","99530-9775",NA,NA,NA,NA,NA,NA,NA,NA,NA,NA,NA,NA,NA,NA,NA,NA,NA,266618,573844,NA,NA,NA,NA,"020313-G05",20325,"ANCHORAGE","Active","Owned",1441402,"Z10013","Mail Processing","Processing and Distribution Center/Facility (PDC/PDF)","USPS Building, Const. by USPS","Land Data on separate record","USPS","Yes","12/1/1976"," 4/9",61.183517,-149.9865992
"150",0,"Alaska","ANCHORAGE","PDC AMF",NA,"4141 POSTMARK DR RM 195","ANCHORAGE","AK","99530-9775",NA,NA,NA,NA,NA,NA,NA,NA,NA,NA,NA,NA,NA,NA,NA,NA,NA,266618,573844,NA,NA,NA,NA,"020313-G05",20325,"ANCHORAGE","Active","Owned",1443427,"1084","Other Customer Service","Computerized Forwarding System (CFS)","USPS Building, Const. by USPS","Land Data on separate record","USPS","Yes","12/1/1976"," 4/9",61.183517,-149.9865992
"151",0,"Alaska","ANCHORAGE","PDC AMF",NA,"4141 POSTMARK DR RM 195","ANCHORAGE","AK","99530-9775",NA,NA,NA,NA,NA,NA,NA,NA,NA,NA,NA,NA,NA,NA,NA,NA,NA,266618,573844,NA,NA,NA,NA,"020313-G05",20325,"ANCHORAGE","Active","Owned",1448849,"11427","Administrative Office","Office of the Inspector General Office (OIG)","USPS Building, Const. by USPS","Land Data on separate record","USPS","Yes","12/1/1976"," 4/9",61.183517,-149.9865992
"152",0,"Alaska","ANCHORAGE","RUSSIAN JACK",NA,"801 NORTHWAY DR","ANCHORAGE","AK","99508-9998",NA,NA,NA,NA,NA,NA,NA,NA,NA,NA,NA,NA,NA,NA,NA,NA,NA,14840,160000,NA,NA,NA,NA,"020312-G13",20329,"ANCHORAGE","Active","Owned",1380145,"Z10264","Post Office","Station","USPS Building, Const. by USPS","USPS Land, Not Prev. Leased","USPS","Yes","1/1/1984"," 0/1",61.214565,-149.8107258
"153",0,"Alaska","ANCHORAGE","SAND LAKE STATION",NA,"2200 STRAWBERRY RD","ANCHORAGE","AK","99502-9992",NA,NA,NA,NA,NA,NA,NA,NA,NA,NA,NA,NA,NA,NA,NA,NA,NA,14480,140000,NA,NA,NA,NA,"020312-G15",20330,"ANCHORAGE","Active","Owned",1380673,"Z10274","Post Office","Station","USPS Building, Const. by USPS","USPS Land, Not Prev. Leased","USPS","Yes","7/1/1985"," 1/9",61.1514148,-149.9206336
"154",0,"Alaska","ANCHORAGE","SPENARD STATION",NA,"1601 W NORTHERN LIGHTS BLVD","ANCHORAGE","AK","99517-3315",NA,NA,NA,NA,NA,NA,NA,NA,NA,NA,NA,NA,NA,NA,NA,NA,NA,17667,116672,NA,NA,NA,NA,"020312-G22",20331,"ANCHORAGE","Active","Owned",1382460,"Z10296","Post Office","Station","USPS Building, Const. by USPS","USPS Land, Not Prev. Leased","USPS","Yes","1/1/2000"," 1/7",61.1960376,-149.9157104
"155",0,"Alaska","ANCHORAGE","VEHICLE MAINT. FAC.",NA,"8221 PETERSBURG ST","ANCHORAGE","AK","99507-3132",NA,NA,NA,NA,NA,NA,NA,NA,NA,NA,NA,NA,NA,NA,NA,NA,NA,19548,144000,NA,NA,NA,NA,"020312-G18",20312,"ANCHORAGE","Active","Owned",1440301,"Z18313","Vehicle Maintenance","Vehicle Maintenance Facility (VMF)","USPS Building, Const. by USPS","USPS Land, Not Prev. Leased","USPS","Yes","8/1/1987"," 1/7",61.1463045,-149.8443382
"156",0,"Alaska","ANVIK","MAIN OFFICE MODULAR",NA,"9998 MAIN ST","ANVIK","AK","99558-9800",NA,NA,NA,NA,NA,NA,NA,NA,NA,NA,NA,NA,NA,NA,NA,NA,NA,480,0,NA,NA,NA,NA,"020507-G01",20507,"BETHEL","Active","Owned",1353173,"Z10018","Post Office","Part Time Post Office (PTPO)","USPS Building, Const. by USPS","Land Data on separate record","USPS","No","11/1/1986","0",62.6533289,-160.1990067
"157",0,"Alaska","ARCTIC VILLAGE","MAIN OFFICE BLDG",NA,"9998 BRIDGE ST","ARCTIC VILLAGE","AK","99722-9800",NA,NA,NA,NA,NA,NA,NA,NA,NA,NA,NA,NA,NA,NA,NA,NA,NA,920,0,NA,NA,NA,NA,"020525-G02",20525,"YUKON-KOYUKUK","Active","Owned",1353278,"Z10019","Post Office","Part Time Post Office (PTPO)","USPS Building, Const. by USPS","Land Data on separate record","USPS","No","2/1/2000","0",64.0618608,-145.5519874
"158",0,"Alaska","BARROW","MAIN OFFICE",NA,"3080 EBEN HOBSON ST","BARROW","AK","99723-9800",NA,NA,NA,NA,NA,NA,NA,NA,NA,NA,NA,NA,NA,NA,NA,NA,NA,15640,56869,NA,NA,NA,NA,"020702-G03",20702,"NORTH SLOPE","Active","Owned",1354101,"Z10027","Post Office","Main Post Office","USPS Building, Const. by USPS","USPS Land, Not Prev. Leased","USPS","Yes","1/1/2001"," 2/7",71.2935,-156.7842999
"159",0,"Alaska","BEAVER","MAIN OFFICE",NA,"400 C ST","BEAVER","AK","99724-9800",NA,NA,NA,NA,NA,NA,NA,NA,NA,NA,NA,NA,NA,NA,NA,NA,NA,480,12600,NA,NA,NA,NA,"020780-G01",20780,"YUKON-KOYUKUK","Active","Owned",1354351,"Z10028","Post Office","Part Time Post Office (PTPO)","USPS Building, Const. by USPS","USPS Land, Not Prev. Leased","USPS","No","10/1/1985"," 0/1",66.359923,-147.3974049
"160",0,"Alaska","BETHEL","MAIN OFFICE",NA,"1484 CHIEF EDDY HOFFMAN HWY","BETHEL","AK","99559-9800",NA,NA,NA,NA,NA,NA,NA,NA,NA,NA,NA,NA,NA,NA,NA,NA,NA,12773,116000,NA,NA,NA,NA,"020897-G03",20897,"BETHEL","Active","Owned",1354814,"Z10029","Post Office","Main Post Office","USPS Building, Const. by USPS","USPS Land, Not Prev. Leased","USPS","Yes","1/1/2003"," 1/9",60.785565,-161.7941454
"161",0,"Alaska","BUCKLAND","MAIN OFFICE",NA,"17 BETTY AVE","BUCKLAND","AK","99727-9800",NA,NA,NA,NA,NA,NA,NA,NA,NA,NA,NA,NA,NA,NA,NA,NA,NA,480,4790,NA,NA,NA,NA,"021106-G02",21106,"NORTHWEST ARCTIC","Active","Owned",1356223,"Z10038","Post Office","Part Time Post Office (PTPO)","USPS Building, Const. by USPS","Land Data on separate record","USPS","No","2/1/1986"," 1/9",65.9743061,-161.1248445
"162",0,"Alaska","CANTWELL","MAIN OFFICE MOD UNIT",NA,"210 GEORGE PARKS HWY","CANTWELL","AK","99729-9800",NA,NA,NA,NA,NA,NA,NA,NA,NA,NA,NA,NA,NA,NA,NA,NA,NA,964,10276,NA,NA,NA,NA,"021170-G01",21170,"DENALI","Active","Owned",1356910,"Z10040","Post Office","Part Time Post Office (PTPO)","USPS Building, Const. by USPS","USPS Land, Prev. Leased","USPS","No","6/1/1975"," 0/1",63.3919535,-148.9007574
"163",0,"Alaska","CENTRAL","MAIN OFFICE BLDG",NA,"128 STEESE HWY","CENTRAL","AK","99730-9800",NA,NA,NA,NA,NA,NA,NA,NA,NA,NA,NA,NA,NA,NA,NA,NA,NA,1232,0,NA,NA,NA,NA,"021287-G01",21287,"YUKON-KOYUKUK","Active","Owned",1357498,"Z10041","Post Office","Part Time Post Office (PTPO)","USPS Building, Const. by USPS","Land Data on separate record","USPS","No","10/1/1988","0",65.5710909,-144.8099834
"164",0,"Alaska","CHIGNIK LAGOON","MAIN OFFICE",NA,"100 AIRPORT DR","CHIGNIK LAGOON","AK","99565-9800",NA,NA,NA,NA,NA,NA,NA,NA,NA,NA,NA,NA,NA,NA,NA,NA,NA,1410,21088,NA,NA,NA,NA,"021523-G02",21523,"BRISTOL BAY","Active","Owned",1357922,"Z10050","Post Office","Part Time Post Office (PTPO)","USPS Building, Const. by USPS","USPS Land, Not Prev. Leased","USPS","No","1/1/2001"," 0/1",56.2951204,-158.4040815
"165",0,"Alaska","CHUGIAK","MAIN OFFICE",NA,"22314 BIRCHWOOD LOOP RD","CHUGIAK","AK","99567-6464",NA,NA,NA,NA,NA,NA,NA,NA,NA,NA,NA,NA,NA,NA,NA,NA,NA,6743,50048,NA,NA,NA,NA,"021599-G01",21599,"ANCHORAGE","Active","Owned",1358023,"Z10055","Post Office","Main Post Office","USPS Building, Const. by USPS","USPS Land, Not Prev. Leased","USPS","No","4/1/1984"," 1/7",61.4008189,-149.4683015
"166",0,"Alaska","CLARKS POINT","MAIN OFFICE BLDG",NA,"11 MAIN ST","CLARKS POINT","AK","99569-9800",NA,NA,NA,NA,NA,NA,NA,NA,NA,NA,NA,NA,NA,NA,NA,NA,NA,1410,0,NA,NA,NA,NA,"021755-G02",21755,"DILLINGHAM","Active","Owned",1358184,"Z10058","Post Office","Part Time Post Office (PTPO)","USPS Building, Const. by USPS","Land Data on separate record","USPS","No","1/1/2001","0",58.8355338,-158.5442241
"167",0,"Alaska","COLD BAY","MAIN OFFICE BLDG",NA,"1 LETTY AVE","COLD BAY","AK","99571-9800",NA,NA,NA,NA,NA,NA,NA,NA,NA,NA,NA,NA,NA,NA,NA,NA,NA,3006,0,NA,NA,NA,NA,"021895-G01",21895,"ALEUTIANS EAST","Active","Owned",1358599,"Z10062","Post Office","Main Post Office","USPS Building, Const. by USPS","Land Data on separate record","USPS","No","3/1/1985","0",55.2022516,-162.7168547
"168",0,"Alaska","COPPER CENTER","MAIN OFFICE",NA,"101.5 OLD RICHARDSON HWY","COPPER CENTER","AK","99573-9800",NA,NA,NA,NA,NA,NA,NA,NA,NA,NA,NA,NA,NA,NA,NA,NA,NA,2160,30000,NA,NA,NA,NA,"021989-G01",21989,"VALDEZ-CORDOVA","Active","Owned",1359207,"Z10067","Post Office","Remotely Managed Post Office (RMPO)","USPS Building, Const. by USPS","USPS Land, Not Prev. Leased","USPS","No","1/1/1974"," 0/1",61.960118,-145.3003209
"169",0,"Alaska","CORDOVA","MAIN OFFICE",NA,"502 RAILROAD AVE","CORDOVA","AK","99574-9800",NA,NA,NA,NA,NA,NA,NA,NA,NA,NA,NA,NA,NA,NA,NA,NA,NA,9895,44980,NA,NA,NA,NA,"022028-G02",22028,"VALDEZ-CORDOVA","Active","Owned",1359252,"Z10069","Post Office","Main Post Office","USPS Building, Const. by USPS","USPS Land, Not Prev. Leased","USPS","Yes","2/1/1987"," 2/9",60.544148,-145.7602573
"170",0,"Alaska","CROOKED CREEK","MAIN OFFICE",NA,"500 AIRPORT RD","CROOKED CREEK","AK","99575-9800",NA,NA,NA,NA,NA,NA,NA,NA,NA,NA,NA,NA,NA,NA,NA,NA,NA,1410,0,NA,NA,NA,NA,"022145-G02",22145,"BETHEL","Active","Owned",1439389,"Z10071","Post Office","Part Time Post Office (PTPO)","USPS Building, Const. by USPS","Land Data on separate record","USPS","No","11/1/2001","0",61.8699257,-158.1134929
"171",0,"Alaska","DEERING","MAIN OFFICE MODULAR",NA,"59B B ST","DEERING","AK","99736-9800",NA,NA,NA,NA,NA,NA,NA,NA,NA,NA,NA,NA,NA,NA,NA,NA,NA,800,0,NA,NA,NA,NA,"022262-G02",22262,"NORTHWEST ARCTIC","Active","Owned",1360539,"Z10073","Post Office","Part Time Post Office (PTPO)","USPS Building, Not Prev. Leased","Land Data on separate record","USPS","No","12/1/2000","0",NA,NA
"172",0,"Alaska","DELTA JUNCTION","MAIN OFFICE",NA,"266 RICHARDSON HWY","DELTA JUNCTION","AK","99737-9800",NA,NA,NA,NA,NA,NA,NA,NA,NA,NA,NA,NA,NA,NA,NA,NA,NA,5040,0,NA,NA,NA,NA,"022270-G02",22270,"FAIRBANKS N STAR","Active","Owned",1360635,"Z10075","Post Office","Main Post Office","USPS Building, Const. by USPS","Land Data on separate record","USPS","No","7/1/1986","0",64.0429748,-145.7384364
"173",0,"Alaska","DILLINGHAM","MAIN OFFICE",NA,"9998 D ST","DILLINGHAM","AK","99576-9800",NA,NA,NA,NA,NA,NA,NA,NA,NA,NA,NA,NA,NA,NA,NA,NA,NA,8867,56735,NA,NA,NA,NA,"022340-G01",22340,"DILLINGHAM","Active","Owned",1360863,"Z10077","Post Office","Main Post Office","USPS Building, Const. by USPS","USPS Land, Not Prev. Leased","USPS","Yes","10/1/1986"," 1/6",59.0411227,-158.4622619
"174",0,"Alaska","EAGLE","MAIN OFFICE BLDG",NA,"200 JEFFERSON ST","EAGLE","AK","99738-9800",NA,NA,NA,NA,NA,NA,NA,NA,NA,NA,NA,NA,NA,NA,NA,NA,NA,1232,0,NA,NA,NA,NA,"022418-G01",22418,"SE FAIRBANKS","Active","Owned",1361586,"Z10088","Post Office","Part Time Post Office (PTPO)","USPS Building, Const. by USPS","Land Data on separate record","USPS","No","9/1/1988","0",64.78682,-141.20235
"175",0,"Alaska","EAGLE RIVER","MAIN OFFICE",NA,"11471 BUSINESS BLVD","EAGLE RIVER","AK","99577-9998",NA,NA,NA,NA,NA,NA,NA,NA,NA,NA,NA,NA,NA,NA,NA,NA,NA,23344,79000,NA,NA,NA,NA,"022421-G01",22421,"ANCHORAGE","Active","Owned",1361596,"Z10089","Post Office","Main Post Office","USPS Building, Const. by USPS","USPS Land, Not Prev. Leased","USPS","Yes","6/1/1983"," 2/7",61.3244496,-149.5757322
"176",0,"Alaska","EGEGIK","MAIN OFFICE",NA,"1 SCHOOL RD","EGEGIK","AK","99579-9800",NA,NA,NA,NA,NA,NA,NA,NA,NA,NA,NA,NA,NA,NA,NA,NA,NA,964,2800,NA,NA,NA,NA,"022535-G01",22535,"LAKE PENINSULA","Active","Owned",1362146,"Z10094","Post Office","Part Time Post Office (PTPO)","USPS Building, Const. by USPS","Free Land","USPS","No","1/1/1972"," 1/3",58.2121266,-157.3757098
"177",0,"Alaska","ESTER","MAIN OFFICE",NA,"501 VILLAGE RD","ESTER","AK","99725-9800",NA,NA,NA,NA,NA,NA,NA,NA,NA,NA,NA,NA,NA,NA,NA,NA,NA,1767,65965,NA,NA,NA,NA,"022740-G01",22740,"FAIRBANKS N STAR","Active","Owned",1362753,"Z10105","Post Office","Main Post Office","USPS Building, Const. by USPS","USPS Land, Not Prev. Leased","USPS","No","8/1/1988"," 0/1",64.845255,-148.019854
"178",0,"Alaska","FAIRBANKS","COLLEGE STATION",NA,"4025 GEIST RD","FAIRBANKS","AK","99709-3598",NA,NA,NA,NA,NA,NA,NA,NA,NA,NA,NA,NA,NA,NA,NA,NA,NA,14270,120130,NA,NA,NA,NA,"022769-G09",22770,"FAIRBANKS N STAR","Active","Owned",1439388,"Z10064","Post Office","Branch","USPS Building, Const. by USPS","USPS Land, Not Prev. Leased","USPS","Yes","5/1/1986"," 1/8",64.8484695,-147.8280904
"179",0,"Alaska","FAIRBANKS","DENALI STATION",NA,"MAIN ST","DENALI NATIONAL PARK","AK","99755-9998",NA,NA,NA,NA,NA,NA,NA,NA,NA,NA,NA,NA,NA,NA,NA,NA,NA,1030,0,NA,NA,NA,NA,"022769-G17",22769,"DENALI","Active","Owned",NA,NA,NA,NA,"USPS Building, Const. by USPS","USPS Land, Not Prev. Leased","USPS","No","5/1/1988","0",NA,NA
"180",0,"Alaska","FAIRBANKS","DOWNTOWN STATION",NA,"315 BARNETTE ST","FAIRBANKS","AK","99701-4532",NA,NA,NA,NA,NA,NA,NA,NA,NA,NA,NA,NA,NA,NA,NA,NA,NA,28735,39428,NA,NA,NA,NA,"022769-G19",22771,"FAIRBANKS N STAR","Active","Owned",1361212,"Z10083","Post Office","Finance Station","USPS Building, Prev. Leased","USPS Land, Prev. Leased","USPS","Yes","1/1/1978"," 5/7",64.8425147,-147.7237907
"181",0,"Alaska","FAIRBANKS","MAIN OFFICE AND GARAGE",NA,"5400 MAIL TRAIL RD","FAIRBANKS","AK","99709-9998",NA,NA,NA,NA,NA,NA,NA,NA,NA,NA,NA,NA,NA,NA,NA,NA,NA,89849,304920,NA,NA,NA,NA,"022769-G05",22775,"FAIRBANKS N STAR","Active","Owned",1432845,"1086","Administrative Office","Post Office Administrative Office (Staff)","USPS Building, Const. by USPS","USPS Land, Not Prev. Leased","USPS","Yes","5/1/1980"," 2/7",64.8156752,-147.8814719
"182",0,"Alaska","FAIRBANKS","MAIN OFFICE AND GARAGE",NA,"5400 MAIL TRAIL RD","FAIRBANKS","AK","99709-9998",NA,NA,NA,NA,NA,NA,NA,NA,NA,NA,NA,NA,NA,NA,NA,NA,NA,89849,304920,NA,NA,NA,NA,"022769-G05",22775,"FAIRBANKS N STAR","Active","Owned",1439417,"Z10189","Post Office","Station","USPS Building, Const. by USPS","USPS Land, Not Prev. Leased","USPS","Yes","5/1/1980"," 2/7",64.8156752,-147.8814719
"183",0,"Alaska","FAIRBANKS","MAIN OFFICE AND GARAGE",NA,"5400 MAIL TRAIL RD","FAIRBANKS","AK","99709-9998",NA,NA,NA,NA,NA,NA,NA,NA,NA,NA,NA,NA,NA,NA,NA,NA,NA,89849,304920,NA,NA,NA,NA,"022769-G05",22775,"FAIRBANKS N STAR","Active","Owned",1441403,"Z10106","Mail Processing","Processing and Distribution Center/Facility (PDC/PDF)","USPS Building, Const. by USPS","USPS Land, Not Prev. Leased","USPS","Yes","5/1/1980"," 2/7",64.8156752,-147.8814719
"184",0,"Alaska","FAIRBANKS","MAIN OFFICE AND GARAGE",NA,"5400 MAIL TRAIL RD","FAIRBANKS","AK","99709-9998",NA,NA,NA,NA,NA,NA,NA,NA,NA,NA,NA,NA,NA,NA,NA,NA,NA,89849,304920,NA,NA,NA,NA,"022769-G05",22775,"FAIRBANKS N STAR","Active","Owned",1444608,"9045","Vehicle Maintenance","Vehicle Maintenance Facility (VMF)","USPS Building, Const. by USPS","USPS Land, Not Prev. Leased","USPS","Yes","5/1/1980"," 2/7",64.8156752,-147.8814719
"185",0,"Alaska","FAIRBANKS","NORTH POLE BRANCH",NA,"325 S SANTA CLAUS LN","NORTH POLE","AK","99705-9998",NA,NA,NA,NA,NA,NA,NA,NA,NA,NA,NA,NA,NA,NA,NA,NA,NA,9093,118146,NA,NA,NA,NA,"022769-G16",22774,"FAIRBANKS NORTH STAR","Active","Owned",1439429,"Z10228","Post Office","Branch","USPS Building, Const. by USPS","USPS Land, Not Prev. Leased","USPS","Yes","1/1/1993"," 0/1",64.7529003,-147.354283
"186",0,"Alaska","FT YUKON","MAIN OFFICE",NA,"9998 E 3RD AVE","FORT YUKON","AK","99740-9800",NA,NA,NA,NA,NA,NA,NA,NA,NA,NA,NA,NA,NA,NA,NA,NA,NA,2820,8000,NA,NA,NA,NA,"023003-G01",23003,"YUKON-KOYUKUK","Active","Owned",1363869,"Z10115","Post Office","Part Time Post Office (PTPO)","USPS Building, Const. by USPS","USPS Land, Not Prev. Leased","USPS","No","10/1/1973"," 1/3",66.56411,-145.2562899
"187",0,"Alaska","GAMBELL","MAIN OFFICE",NA,"9998 SAINT LAWRENCE IS","GAMBELL","AK","99742-9800",NA,NA,NA,NA,NA,NA,NA,NA,NA,NA,NA,NA,NA,NA,NA,NA,NA,964,7000,NA,NA,NA,NA,"023120-G01",23120,"NOME","Active","Owned",1364386,"Z10124","Post Office","Part Time Post Office (PTPO)","USPS Building, Const. by USPS","Free Land","USPS","No","10/1/1972"," 1/7",63.77678,-171.7232101
"188",0,"Alaska","GIRDWOOD","MAIN OFFICE",NA,"118 LINDBLAD AVE","GIRDWOOD","AK","99587-9800",NA,NA,NA,NA,NA,NA,NA,NA,NA,NA,NA,NA,NA,NA,NA,NA,NA,8323,74639,NA,NA,NA,NA,"023159-G03",23159,"ANCHORAGE","Active","Owned",1364822,"Z10125","Post Office","Main Post Office","USPS Building, Const. by USPS","USPS Land, Not Prev. Leased","USPS","No","6/1/2005"," 1/9",60.9641717,-149.1335146
"189",0,"Alaska","GLENALLEN","MAIN OFFICE",NA,"9998 AURORA DR","GLENNALLEN","AK","99588-9800",NA,NA,NA,NA,NA,NA,NA,NA,NA,NA,NA,NA,NA,NA,NA,NA,NA,5260,54000,NA,NA,NA,NA,"023198-G01",23198,"VALDEZ-CORDOVA","Active","Owned",1364976,"Z10126","Post Office","Administrative Post Office (APO)","USPS Building, Const. by USPS","USPS Land, Not Prev. Leased","USPS","No","3/1/1976"," 0/1",62.1096119,-145.529468
"190",0,"Alaska","GUSTAVUS","MAIN OFFICE BLDG",NA,"123 POSTMARK DR","GUSTAVUS","AK","99826-9800",NA,NA,NA,NA,NA,NA,NA,NA,NA,NA,NA,NA,NA,NA,NA,NA,NA,960,0,NA,NA,NA,NA,"023393-G01",23393,"JUNEAU","Active","Owned",1365874,"Z10131","Post Office","Main Post Office","USPS Building, Const. by USPS","Land Data on separate record","USPS","No","12/1/1985","0",58.4204064,-135.7079729
"191",0,"Alaska","HAINES","MAIN OFFICE",NA,"55 HAINES HWY","HAINES","AK","99827-9800",NA,NA,NA,NA,NA,NA,NA,NA,NA,NA,NA,NA,NA,NA,NA,NA,NA,5000,59800,NA,NA,NA,NA,"023432-G01",23432,"HAINES","Active","Owned",1365954,"Z10132","Post Office","Main Post Office","USPS Building, Const. by USPS","USPS Land, Not Prev. Leased","USPS","No","11/1/1985"," 0/1",59.2345262,-135.4539868
"192",0,"Alaska","HEALY","MAIN OFFICE BLDG",NA,"9998 COAL ST","HEALY","AK","99743-9800",NA,NA,NA,NA,NA,NA,NA,NA,NA,NA,NA,NA,NA,NA,NA,NA,NA,2336,0,NA,NA,NA,NA,"023588-G01",23588,"DENALI","Active","Owned",1366610,"Z10134","Post Office","Main Post Office","USPS Building, Const. by USPS","Land Data on separate record","USPS","No","10/1/1987","0",63.876474,-149.0166818
"193",0,"Alaska","HOLY CROSS","MAIN OFFICE",NA,"100 4TH ST","HOLY CROSS","AK","99602-9800",NA,NA,NA,NA,NA,NA,NA,NA,NA,NA,NA,NA,NA,NA,NA,NA,NA,2075,8000,NA,NA,NA,NA,"023666-G02",23666,"BRISTOL BAY","Active","Owned",1367273,"Z10135","Post Office","Part Time Post Office (PTPO)","USPS Building, Const. by USPS","Land Data on separate record","USPS","No","3/1/2002"," 1/4",NA,NA
"194",0,"Alaska","HOMER","MAIN OFFICE",NA,"3658 HEATH ST","HOMER","AK","99603-9998",NA,NA,NA,NA,NA,NA,NA,NA,NA,NA,NA,NA,NA,NA,NA,NA,NA,23900,122000,NA,NA,NA,NA,"023705-G02",23705,"KENAI PENINSULA","Active","Owned",1367298,"Z10136","Post Office","Main Post Office","USPS Building, Const. by USPS","USPS Land, Not Prev. Leased","USPS","Yes","8/1/1985"," 1/5",59.6434686,-151.5291203
"195",0,"Alaska","HOPE","MAIN OFFICE",NA,"19059 LOGMAN LN","HOPE","AK","99605-9800",NA,NA,NA,NA,NA,NA,NA,NA,NA,NA,NA,NA,NA,NA,NA,NA,NA,1242,1242,NA,NA,NA,NA,"023822-G03",23822,"KENAI PENINSULA","Active","Owned",1367376,"Z10139","Post Office","Part Time Post Office (PTPO)","USPS Building, Const. by USPS","Land Data on separate record","USPS","Yes","11/1/2008","1",60.9165518,-149.62434
"196",0,"Alaska","HYDABURG","MAIN OFFICE",NA,"1 POSTAL WAY","HYDABURG","AK","99922-9800",NA,NA,NA,NA,NA,NA,NA,NA,NA,NA,NA,NA,NA,NA,NA,NA,NA,1043,6000,NA,NA,NA,NA,"023939-G01",23939,"SOUTHEASTERN","Active","Owned",1367770,"Z10144","Post Office","Part Time Post Office (PTPO)","USPS Building, Const. by USPS","Free Land","USPS","No","7/1/1973"," 1/6",55.2077794,-132.8259375
"197",0,"Alaska","HYDER","MAIN OFFICE MODULAR",NA,"100 HYDER AVE","HYDER","AK","99923-9800",NA,NA,NA,NA,NA,NA,NA,NA,NA,NA,NA,NA,NA,NA,NA,NA,NA,550,0,NA,NA,NA,NA,"023978-G02",23978,"PRWALES OTRKETCH","Active","Owned",1367781,"Z10145","Post Office","Part Time Post Office (PTPO)","USPS Building, Not Prev. Leased","Land Data on separate record","USPS","No","8/1/1997","0",55.9221657,-130.0323404
"198",0,"Alaska","ILIAMNA","MAIN OFFICE",NA,"9998 ILIAMNA AIRPORT RD","ILIAMNA","AK","99606-9800",NA,NA,NA,NA,NA,NA,NA,NA,NA,NA,NA,NA,NA,NA,NA,NA,NA,4848,57303,NA,NA,NA,NA,"024134-G02",24134,"CENTRAL","Active","Owned",1367845,"Z10147","Post Office","Main Post Office","USPS Building, Not Prev. Leased","USPS Land, Not Prev. Leased","USPS","No","12/1/1984"," 0/1",59.754619,-154.8722999
"199",0,"Alaska","JUNEAU","MENDENHALL STATION",NA,"9491 VINTAGE BLVD","JUNEAU","AK","99801-7111",NA,NA,NA,NA,NA,NA,NA,NA,NA,NA,NA,NA,NA,NA,NA,NA,NA,29212,123000,NA,NA,NA,NA,"024173-G02",24177,"JUNEAU","Active","Owned",1372690,"Z10198","Post Office","Station","USPS Building, Const. by USPS","USPS Land, Not Prev. Leased","USPS","Yes","8/1/1986"," 1/4",58.3730988,-134.5933001
"200",0,"Alaska","JUNEAU","MENDENHALL STATION",NA,"9491 VINTAGE BLVD","JUNEAU","AK","99801-7111",NA,NA,NA,NA,NA,NA,NA,NA,NA,NA,NA,NA,NA,NA,NA,NA,NA,29212,123000,NA,NA,NA,NA,"024173-G02",24177,"JUNEAU","Active","Owned",1432846,"1087","Administrative Office","Post Office Administrative Office (Staff)","USPS Building, Const. by USPS","USPS Land, Not Prev. Leased","USPS","Yes","8/1/1986"," 1/4",58.3730988,-134.5933001
"201",0,"Alaska","JUNEAU","MENDENHALL STATION",NA,"9491 VINTAGE BLVD","JUNEAU","AK","99801-7111",NA,NA,NA,NA,NA,NA,NA,NA,NA,NA,NA,NA,NA,NA,NA,NA,NA,29212,123000,NA,NA,NA,NA,"024173-G02",24177,"JUNEAU","Active","Owned",1441404,"Z10149","Mail Processing","Processing and Distribution Center/Facility (PDC/PDF)","USPS Building, Const. by USPS","USPS Land, Not Prev. Leased","USPS","Yes","8/1/1986"," 1/4",58.3730988,-134.5933001
"202",0,"Alaska","KAKE","MAIN OFFICE MOD UNIT",NA,"272 KEKU RD","KAKE","AK","99830-9800",NA,NA,NA,NA,NA,NA,NA,NA,NA,NA,NA,NA,NA,NA,NA,NA,NA,1043,4900,NA,NA,NA,NA,"024212-G01",24212,"WRANGELL-PETERSBURG","Active","Owned",1368640,"Z10151","Post Office","Part Time Post Office (PTPO)","USPS Building, Const. by USPS","USPS Land, Not Prev. Leased","USPS","No","9/1/1972"," 2/9",56.9736515,-133.9442932
"203",0,"Alaska","KAKTOVIK","MAIN OFFICE",NA,"2041 BARTER AVE","KAKTOVIK","AK","99747-9800",NA,NA,NA,NA,NA,NA,NA,NA,NA,NA,NA,NA,NA,NA,NA,NA,NA,0,0,NA,NA,NA,NA,"024265-G04",24265,"NORTH SLOPE","Active","Owned",1368641,"Z10152","Post Office","Part Time Post Office (PTPO)","USPS Building, Const. by USPS","USPS Land, Not Prev. Leased","Unknown","No",NA,"0",70.1271095,-143.6132805
"204",0,"Alaska","KAKTOVIK","MAIN OFFICE MOD UNIT",NA,"2041 BARTER AVE","KAKTOVIK","AK","99747-9800",NA,NA,NA,NA,NA,NA,NA,NA,NA,NA,NA,NA,NA,NA,NA,NA,NA,964,22500,NA,NA,NA,NA,"024265-G01",24265,"NORTH SLOPE","Active","Owned",NA,NA,NA,NA,"USPS Building, Const. by USPS","Free Land","USPS","No","8/1/1972"," 0/1",70.1271095,-143.6132805
"205",0,"Alaska","KALTAG","MAIN OFFICE",NA,"100 6TH AVE","KALTAG","AK","99748-9800",NA,NA,NA,NA,NA,NA,NA,NA,NA,NA,NA,NA,NA,NA,NA,NA,NA,5280,0,NA,NA,NA,NA,"024329-G01",24329,"YUKON-KOYUKUK","Active","Owned",1368654,"Z10154","Post Office","Part Time Post Office (PTPO)","USPS Building, Const. by USPS","Land Data on separate record","USPS","No","12/1/1991","0",64.324641,-158.72361
"206",0,"Alaska","KASIGLUK","MAIN OFFICE BLDG",NA,"19 NAYAGAAM AND MISVIGMUIT RDS","KASIGLUK","AK","99609-9800",NA,NA,NA,NA,NA,NA,NA,NA,NA,NA,NA,NA,NA,NA,NA,NA,NA,960,0,NA,NA,NA,NA,"024476-G01",24476,"BETHEL","Active","Owned",1368710,"Z10157","Post Office","Part Time Post Office (PTPO)","USPS Building, Const. by USPS","Land Data on separate record","USPS","No","12/1/1987","0",60.8742269,-162.5175141
"207",0,"Alaska","KASILOF","MAIN OFFICE",NA,"23758 KALIFORNSKY BEACH RD","KASILOF","AK","99610-9700",NA,NA,NA,NA,NA,NA,NA,NA,NA,NA,NA,NA,NA,NA,NA,NA,NA,3200,83850,NA,NA,NA,NA,"024485-G01",24485,"KENAI PENINSULA","Active","Owned",1368711,"Z10158","Post Office","Administrative Post Office (APO)","USPS Building, Const. by USPS","USPS Land, Not Prev. Leased","USPS","No","1/1/1988"," 0/1",60.3248468,-151.2567151
"208",0,"Alaska","KENAI","MAIN OFFICE",NA,"140 BIDARKA ST","KENAI","AK","99611-9998",NA,NA,NA,NA,NA,NA,NA,NA,NA,NA,NA,NA,NA,NA,NA,NA,NA,17500,135000,NA,NA,NA,NA,"024524-G01",24524,"KENAI PENINSULA","Active","Owned",1368821,"Z10159","Post Office","Main Post Office","USPS Building, Const. by USPS","USPS Land, Not Prev. Leased","USPS","Yes","10/1/1985"," 1/8",60.5579068,-151.2480639
"209",0,"Alaska","KETCHIKAN","MAIN OFFICE",NA,"3609 TONGASS AVE","KETCHIKAN","AK","99901-9998",NA,NA,NA,NA,NA,NA,NA,NA,NA,NA,NA,NA,NA,NA,NA,NA,NA,16950,79500,NA,NA,NA,NA,"024563-G02",24563,"PRINCE OF WALES-OUTER KETCHIKAN","Active","Owned",1439410,"Z10161","Post Office","Main Post Office","USPS Building, Const. by USPS","USPS Land, Not Prev. Leased","USPS","Yes","9/1/1976"," 2/9",55.3556173,-131.693749
"210",0,"Alaska","KETCHIKAN","MAIN OFFICE",NA,"3609 TONGASS AVE","KETCHIKAN","AK","99901-9998",NA,NA,NA,NA,NA,NA,NA,NA,NA,NA,NA,NA,NA,NA,NA,NA,NA,16950,79500,NA,NA,NA,NA,"024563-G02",24563,"PRINCE OF WALES-OUTER KETCHIKAN","Active","Owned",1441405,"Z10160","Mail Processing","Processing and Distribution Center/Facility (PDC/PDF)","USPS Building, Const. by USPS","USPS Land, Not Prev. Leased","USPS","Yes","9/1/1976"," 2/9",55.3556173,-131.693749
"211",0,"Alaska","KIANA","MAIN OFFICE",NA,"9998 TAYLOR AND KOZAK ST","KIANA","AK","99749-9800",NA,NA,NA,NA,NA,NA,NA,NA,NA,NA,NA,NA,NA,NA,NA,NA,NA,480,0,NA,NA,NA,NA,"024602-G01",24602,"NORTHWEST ARCTIC","Active","Owned",1368992,"Z10162","Post Office","Part Time Post Office (PTPO)","USPS Building, Const. by USPS","Land Data on separate record","USPS","No","2/1/1986","0",66.9719574,-160.4326871
"212",0,"Alaska","KIPNUK","MAIN OFFICE BLDG",NA,"9998 KIPNUK WAY","KIPNUK","AK","99614-9800",NA,NA,NA,NA,NA,NA,NA,NA,NA,NA,NA,NA,NA,NA,NA,NA,NA,1104,0,NA,NA,NA,NA,"024748-G01",24748,"BETHEL","Active","Owned",1369151,"Z10166","Post Office","Part Time Post Office (PTPO)","USPS Building, Const. by USPS","Land Data on separate record","USPS","No","12/1/1987","0",59.91039,-164.067223
"213",0,"Alaska","KIVALINA","MAIN OFFICE MODULAR",NA,"1 POSTAL WAY","KIVALINA","AK","99750-9800",NA,NA,NA,NA,NA,NA,NA,NA,NA,NA,NA,NA,NA,NA,NA,NA,NA,429,0,NA,NA,NA,NA,"024758-G01",24758,"NORTHWEST ARCTIC","Active","Owned",1369199,"Z10167","Post Office","Part Time Post Office (PTPO)","USPS Building, Const. by USPS","Land Data on separate record","USPS","No","11/1/1983","0",67.726928,-164.5384
"214",0,"Alaska","KODIAK","MAIN OFFICE",NA,"419 LOWER MILL BAY RD","KODIAK","AK","99615-9998",NA,NA,NA,NA,NA,NA,NA,NA,NA,NA,NA,NA,NA,NA,NA,NA,NA,11498,60650,NA,NA,NA,NA,"024914-G01",24914,"KODIAK ISLAND","Active","Owned",1369257,"Z10171","Post Office","Main Post Office","USPS Building, Const. by USPS","USPS Land, Not Prev. Leased","USPS","Yes","3/1/1978"," 1/5",57.7925362,-152.4038111
"215",0,"Alaska","KOYUKUK","MAIN OFFICE",NA,"149 MAIN ST","KOYUKUK","AK","99754-9800",NA,NA,NA,NA,NA,NA,NA,NA,NA,NA,NA,NA,NA,NA,NA,NA,NA,480,0,NA,NA,NA,NA,"025070-G01",25070,"YUKON-KOYUKUK","Active","Owned",1369291,"Z10179","Post Office","Part Time Post Office (PTPO)","USPS Building, Const. by USPS","Land Data on separate record","USPS","No","11/1/1986","0",65.7017978,-156.388839
"216",0,"Alaska","KWETHLUK","MAIN OFFICE",NA,"500 AIRPORT RD","KWETHLUK","AK","99621-9800",NA,NA,NA,NA,NA,NA,NA,NA,NA,NA,NA,NA,NA,NA,NA,NA,NA,2075,0,NA,NA,NA,NA,"025148-G01",25148,"BETHEL","Active","Owned",1369326,"Z10180","Post Office","Part Time Post Office (PTPO)","USPS Building, Const. by USPS","Land Data on separate record","USPS","No","3/1/2002","0",60.8097905,-161.4286856
"217",0,"Alaska","KWIGILLINGOK","MAIN OFFICE BLDG",NA,"100 MAIN ST","KWIGILLINGOK","AK","99622-9800",NA,NA,NA,NA,NA,NA,NA,NA,NA,NA,NA,NA,NA,NA,NA,NA,NA,1263,0,NA,NA,NA,NA,"025187-G02",25187,"BETHEL","Active","Owned",1369327,"Z10181","Post Office","Part Time Post Office (PTPO)","USPS Building, Const. by USPS","Land Data on separate record","USPS","Yes","3/9/2009","0",NA,NA
"218",0,"Alaska","LARSEN BAY","MAIN OFFICE",NA,"500 3RD ST","LARSEN BAY","AK","99624-9800",NA,NA,NA,NA,NA,NA,NA,NA,NA,NA,NA,NA,NA,NA,NA,NA,NA,1272,0,NA,NA,NA,NA,"025304-G01",25304,"KODIAK ISLAND","Active","Owned",1369893,"Z10184","Post Office","Part Time Post Office (PTPO)","USPS Building, Const. by USPS","Land Data on separate record","USPS","No","12/1/2004","0",57.537109,-153.981823
"219",0,"Alaska","LEVELOCK","MAIN OFFICE",NA,"100 MAIN ST","LEVELOCK","AK","99625-9800",NA,NA,NA,NA,NA,NA,NA,NA,NA,NA,NA,NA,NA,NA,NA,NA,NA,428,40000,NA,NA,NA,NA,"025382-G01",25382,"LAKE PENINSULA","Active","Owned",1370304,"Z10185","Post Office","Part Time Post Office (PTPO)","USPS Building, Const. by USPS","USPS Land, Not Prev. Leased","USPS","No","11/1/1990"," 0/1",59.110165,-156.8606241
"220",0,"Alaska","LOWER KALSKAG","MAIN OFFICE MODULAR",NA,"100 E ST","LOWER KALSKAG","AK","99626-9800",NA,NA,NA,NA,NA,NA,NA,NA,NA,NA,NA,NA,NA,NA,NA,NA,NA,800,0,NA,NA,NA,NA,"025452-G01",25452,"ANCHORAGE","Active","Owned",1371072,"Z10187","Post Office","Part Time Post Office (PTPO)","USPS Building, Const. by USPS","Land Data on separate record","USPS","No","11/1/2000","0",61.5114621,-160.3633293
"221",0,"Alaska","MANOKOTAK","MAIN OFFICE MODULAR",NA,"300 C ST","MANOKOTAK","AK","99628-9800",NA,NA,NA,NA,NA,NA,NA,NA,NA,NA,NA,NA,NA,NA,NA,NA,NA,480,0,NA,NA,NA,NA,"025508-G01",25508,"DILLINGHAM","Active","Owned",1371682,"Z10191","Post Office","Part Time Post Office (PTPO)","USPS Building, Const. by USPS","Land Data on separate record","USPS","No","12/1/1986","0",58.9825679,-159.0569158
"222",0,"Alaska","MARSHALL","MAIN OFFICE MODULAR",NA,"200 YUKON AVE","MARSHALL","AK","99585-9800",NA,NA,NA,NA,NA,NA,NA,NA,NA,NA,NA,NA,NA,NA,NA,NA,NA,800,0,NA,NA,NA,NA,"022964-G01",22964,"WADE HAMPTON","Active","Owned",1371965,"Z10116","Post Office","Part Time Post Office (PTPO)","USPS Building, Const. by USPS","Land Data on separate record","USPS","No","11/1/2000","0",61.8786666,-162.0847575
"223",0,"Alaska","MCGRATH","MAIN OFFICE MODULAR",NA,"123 TAKOTNA AVE","MC GRATH","AK","99627-9800",NA,NA,NA,NA,NA,NA,NA,NA,NA,NA,NA,NA,NA,NA,NA,NA,NA,3772,0,NA,NA,NA,NA,"025460-G01",25460,"YUKON-KOYUKUK","Active","Owned",1372339,"Z10193","Post Office","Main Post Office","USPS Building, Const. by USPS","Land Data on separate record","USPS","No","11/1/1983","0",62.9515558,-155.591031
"224",0,"Alaska","MEKORYUK","MAIN OFFICE/MOD UNIT",NA,"1 MAIN ST","MEKORYUK","AK","99630-9800",NA,NA,NA,NA,NA,NA,NA,NA,NA,NA,NA,NA,NA,NA,NA,NA,NA,1043,5400,NA,NA,NA,NA,"025616-G01",25616,"BETHEL","Active","Owned",1372622,"Z10197","Post Office","Part Time Post Office (PTPO)","USPS Building, Const. by USPS","Land Data on separate record","USPS","No","9/1/1973"," 1/5",NA,NA
"225",0,"Alaska","METLAKATLA","MAIN OFFICE MODULAR",NA,"352 8TH AVE","METLAKATLA","AK","99926-9800",NA,NA,NA,NA,NA,NA,NA,NA,NA,NA,NA,NA,NA,NA,NA,NA,NA,4357,0,NA,NA,NA,NA,"025694-G01",25694,"PRWALES OTRKETCH","Active","Owned",1372851,"Z10200","Post Office","Main Post Office","USPS Building, Const. by USPS","Land Data on separate record","USPS","No","7/1/1990","0",55.1251695,-131.5757813
"226",0,"Alaska","MINTO","MAIN OFFICE MODULAR",NA,"100 3RD ST","MINTO","AK","99758-9800",NA,NA,NA,NA,NA,NA,NA,NA,NA,NA,NA,NA,NA,NA,NA,NA,NA,312,0,NA,NA,NA,NA,"025772-G01",25772,"YUKON-KOYUKUK","Active","Owned",1373361,"Z10203","Post Office","Part Time Post Office (PTPO)","USPS Building, Const. by USPS","Land Data on separate record","USPS","No","11/1/1983","0",28.685494,77.266951
"227",0,"Alaska","NENANA","MAIN OFFICE MOD. UNIT",NA,"803 MARKET ST","NENANA","AK","99760-9998",NA,NA,NA,NA,NA,NA,NA,NA,NA,NA,NA,NA,NA,NA,NA,NA,NA,2820,7500,NA,NA,NA,NA,"026123-G01",26123,"YUKON-KOYUKUK","Active","Owned",1374569,"Z10214","Post Office","Main Post Office","USPS Building, Const. by USPS","USPS Land, Not Prev. Leased","USPS","No","12/1/1973"," 3/8",64.5635873,-149.0945228
"228",0,"Alaska","NENANA","MAIN OFFICE MOD. UNIT",NA,"803 MARKET ST","NENANA","AK","99760-9998",NA,NA,NA,NA,NA,NA,NA,NA,NA,NA,NA,NA,NA,NA,NA,NA,NA,2820,7500,NA,NA,NA,NA,"026123-G01",26123,"YUKON-KOYUKUK","Active","Owned",1439370,"Z10015","Post Office","Finance Branch","USPS Building, Const. by USPS","USPS Land, Not Prev. Leased","USPS","No","12/1/1973"," 3/8",64.5635873,-149.0945228
"229",0,"Alaska","NEW STUYAHOK","MAIN OFFICE MODULAR",NA,"100 WALLACE ST","NEW STUYAHOK","AK","99636-9800",NA,NA,NA,NA,NA,NA,NA,NA,NA,NA,NA,NA,NA,NA,NA,NA,NA,428,0,NA,NA,NA,NA,"026168-G01",26168,"DILLINGHAM","Active","Owned",1374877,"Z10215","Post Office","Part Time Post Office (PTPO)","USPS Building, Const. by USPS","Land Data on separate record","USPS","No","1/1/1985","0",59.4499673,-157.3173589
"230",0,"Alaska","NOME","MAIL PROCESSING ANNEX",NA,"516 PORT RD","NOME","AK","99762-9801",NA,NA,NA,NA,NA,NA,NA,NA,NA,NA,NA,NA,NA,NA,NA,NA,NA,8118,0,NA,NA,NA,NA,"026357-G03",26357,"NOME","Active","Owned",1375171,"1203","Mail Processing","Mail Processing Annex (ANX)","USPS Building, Const. by USPS","Land Data on separate record","USPS","No","3/1/1987","0",64.503631,-165.4290936
"231",0,"Alaska","NOORVIK","MAIN OFFICE MOD UNIT",NA,"9998 FIREWEED LN","NOORVIK","AK","99763-9800",NA,NA,NA,NA,NA,NA,NA,NA,NA,NA,NA,NA,NA,NA,NA,NA,NA,964,5950,NA,NA,NA,NA,"026435-G01",26435,"NORTHWEST ARCTIC","Active","Owned",1375176,"Z10227","Post Office","Part Time Post Office (PTPO)","USPS Building, Const. by USPS","Free Land","USPS","No","12/1/1974"," 1/6",66.8288869,-161.0466837
"232",0,"Alaska","NORTHWAY","MAIN OFFICE MODULAR",NA,"6650 NORTHWAY RD","NORTHWAY","AK","99764-9800",NA,NA,NA,NA,NA,NA,NA,NA,NA,NA,NA,NA,NA,NA,NA,NA,NA,964,0,NA,NA,NA,NA,"026474-G01",26474,"SE FAIRBANKS","Active","Owned",1375566,"Z10230","Post Office","Part Time Post Office (PTPO)","USPS Building, Const. by USPS","Land Data on separate record","USPS","No","11/1/1974","0",62.9619482,-141.9322908
"233",0,"Alaska","OLD HARBOR","MAIN OFFICE MOD UNIT",NA,"9998 THREE SAINTS AVE","OLD HARBOR","AK","99643-9800",NA,NA,NA,NA,NA,NA,NA,NA,NA,NA,NA,NA,NA,NA,NA,NA,NA,1043,35411,NA,NA,NA,NA,"026630-G01",26630,"KODIAK ISLAND","Active","Owned",1376015,"Z10234","Post Office","Part Time Post Office (PTPO)","USPS Building, Const. by USPS","Land Data on separate record","USPS","No","7/1/1973"," 0/1",57.2030543,-153.3070724
"234",0,"Alaska","OUZINKIE","MAIN OFFICE",NA,"200 2ND AND E ST","OUZINKIE","AK","99644-9800",NA,NA,NA,NA,NA,NA,NA,NA,NA,NA,NA,NA,NA,NA,NA,NA,NA,480,8000,NA,NA,NA,NA,"026708-G01",26708,"KODIAK ISLAND","Active","Owned",1376457,"Z10235","Post Office","Part Time Post Office (PTPO)","USPS Building, Const. by USPS","USPS Land, Prev. Leased","USPS","No","1/1/1986"," 0/1",57.9209812,-152.5058516
"235",0,"Alaska","PALMER","MAIN OFFICE",NA,"500 S COBB ST","PALMER","AK","99645-9998",NA,NA,NA,NA,NA,NA,NA,NA,NA,NA,NA,NA,NA,NA,NA,NA,NA,16600,120000,NA,NA,NA,NA,"026747-G01",26747,"MATANUSKASUSITNA","Active","Owned",1376656,"Z10236","Post Office","Main Post Office","USPS Building, Const. by USPS","USPS Land, Not Prev. Leased","USPS","Yes","7/1/1986"," 1/7",61.6023144,-149.1198149
"236",0,"Alaska","PERRYVILLE","MAIN OFFICE",NA,"16 N BROOK ACCESS RD","PERRYVILLE","AK","99648-9800",NA,NA,NA,NA,NA,NA,NA,NA,NA,NA,NA,NA,NA,NA,NA,NA,NA,1410,1001,NA,NA,NA,NA,"026885-G02",26885,"SE FAIRBANKS","Active","Owned",1377274,"Z10240","Post Office","Part Time Post Office (PTPO)","USPS Building, Const. by USPS","Land Data on separate record","USPS","No","2/1/2001","1 2/5",55.9121,-159.1542
"237",0,"Alaska","PETERSBURG","MAIN OFFICE",NA,"1201 HAUGEN DR","PETERSBURG","AK","99833-9800",NA,NA,NA,NA,NA,NA,NA,NA,NA,NA,NA,NA,NA,NA,NA,NA,NA,11606,0,NA,NA,NA,NA,"026903-G04",26903,"WRANGELL PTRSBRG","Active","Owned",1377316,"Z10241","Post Office","Main Post Office","USPS Building, Const. by USPS","Land Data on separate record","USPS","Yes","12/1/2000","0",56.8089263,-132.9393055
"238",0,"Alaska","PILOT POINT","MAIN OFFICE",NA,"600 AIRPLANE LAKE RD","PILOT POINT","AK","99649-9800",NA,NA,NA,NA,NA,NA,NA,NA,NA,NA,NA,NA,NA,NA,NA,NA,NA,1410,51540,NA,NA,NA,NA,"026981-G01",26981,"HAINES","Active","Owned",1439433,"Z10242","Post Office","Part Time Post Office (PTPO)","USPS Building, Const. by USPS","USPS Land, Not Prev. Leased","USPS","No","6/1/2002"," 0/1",57.5621939,-157.563286
"239",0,"Alaska","PILOT STATION","MAIN OFFICE",NA,"4 BUILDING AIRPORT RD","PILOT STATION","AK","99650-9800",NA,NA,NA,NA,NA,NA,NA,NA,NA,NA,NA,NA,NA,NA,NA,NA,NA,920,0,NA,NA,NA,NA,"027020-G01",27020,"NORTHWEST ARCTIC","Active","Owned",1377504,"Z10245","Post Office","Part Time Post Office (PTPO)","USPS Building, Const. by USPS","Land Data on separate record","USPS","No","2/1/1998","0",61.9370457,-162.8916155
"240",0,"Alaska","RUBY","MAIN OFFICE",NA,"9998 WILDBERRY RD","RUBY","AK","99768-9800",NA,NA,NA,NA,NA,NA,NA,NA,NA,NA,NA,NA,NA,NA,NA,NA,NA,960,23900,NA,NA,NA,NA,"027527-G01",27527,"YUKON-KOYUKUK","Active","Owned",1380052,"Z10263","Post Office","Part Time Post Office (PTPO)","USPS Building, Const. by USPS","USPS Land, Prev. Leased","USPS","No","2/1/1986"," 0/1",64.7384356,-155.4906909
"241",0,"Alaska","RUSSIAN MISSION","MAIN OFFICE BLDG",NA,"500 AYAK LOOP","RUSSIAN MISSION","AK","99657-9800",NA,NA,NA,NA,NA,NA,NA,NA,NA,NA,NA,NA,NA,NA,NA,NA,NA,1410,0,NA,NA,NA,NA,"027566-G02",27566,"BETHEL","Active","Owned",1380146,"Z10265","Post Office","Part Time Post Office (PTPO)","USPS Building, Const. by USPS","Land Data on separate record","USPS","No","3/1/2001","0",61.785693,-161.3317303
"242",0,"Alaska","SAND POINT","MAIN OFFICE",NA,"9998 MAIN ST","SAND POINT","AK","99661-9800",NA,NA,NA,NA,NA,NA,NA,NA,NA,NA,NA,NA,NA,NA,NA,NA,NA,3340,40032,NA,NA,NA,NA,"027722-G01",27722,"ALEUTIANS EAST","Active","Owned",1380674,"Z10275","Post Office","Main Post Office","USPS Building, Const. by USPS","USPS Land, Not Prev. Leased","USPS","No","8/1/1968"," 0/1",55.337008,-160.491798
"243",0,"Alaska","SAVOONGA","MAIN OFFICE MOD UNIT",NA,"9769 SAVOONGA WAY","SAVOONGA","AK","99769-9800",NA,NA,NA,NA,NA,NA,NA,NA,NA,NA,NA,NA,NA,NA,NA,NA,NA,964,4900,NA,NA,NA,NA,"027761-G01",27761,"NOME","Active","Owned",1380882,"Z10277","Post Office","Part Time Post Office (PTPO)","USPS Building, Const. by USPS","Free Land","USPS","No","1/1/1972"," 1/5",63.6961808,-170.4736927
"244",0,"Alaska","SELAWIK","MAIN OFFICE MOD UNIT",NA,"78 SELAWIK RD","SELAWIK","AK","99770-9800",NA,NA,NA,NA,NA,NA,NA,NA,NA,NA,NA,NA,NA,NA,NA,NA,NA,964,6000,NA,NA,NA,NA,"027800-G01",27800,"NORTHWEST ARCTIC","Active","Owned",1381167,"Z10279","Post Office","Part Time Post Office (PTPO)","USPS Building, Const. by USPS","Free Land","USPS","No","7/1/1974"," 1/6",66.5986719,-160.0096062
"245",0,"Alaska","SEWARD","MAIN OFFICE",NA,"507 MADISON AVE","SEWARD","AK","99664-9800",NA,NA,NA,NA,NA,NA,NA,NA,NA,NA,NA,NA,NA,NA,NA,NA,NA,10400,66000,NA,NA,NA,NA,"027878-G01",27878,"KENAI PENINSULA","Active","Owned",1381260,"Z10281","Post Office","Main Post Office","USPS Building, Const. by USPS","USPS Land, Not Prev. Leased","USPS","Yes","8/1/1985"," 1/6",60.1062423,-149.4380292
"246",0,"Alaska","SHAGELUK","MAIN OFFICE",NA,"500 MAIN ST","SHAGELUK","AK","99665-9800",NA,NA,NA,NA,NA,NA,NA,NA,NA,NA,NA,NA,NA,NA,NA,NA,NA,1410,0,NA,NA,NA,NA,"027917-G01",27917,"YUKON-KOYUKUK","Active","Owned",1381300,"Z10282","Post Office","Part Time Post Office (PTPO)","USPS Building, Const. by USPS","Land Data on separate record","USPS","No","11/1/2001","0",62.6551808,-159.5277203
"247",0,"Alaska","SITKA","MAIN OFFICE",NA,"1207 SAWMILL CREEK RD","SITKA","AK","99835-9998",NA,NA,NA,NA,NA,NA,NA,NA,NA,NA,NA,NA,NA,NA,NA,NA,NA,19600,100186,NA,NA,NA,NA,"028073-G03",28073,"SITKA","Active","Owned",1381757,"Z10288","Post Office","Main Post Office","USPS Building, Const. by USPS","USPS Land, Not Prev. Leased","USPS","Yes","6/1/1987"," 1/5",NA,NA
"248",0,"Alaska","SOLDOTNA","MAIN OFFICE",NA,"175 N BINKLEY ST","SOLDOTNA","AK","99669-9998",NA,NA,NA,NA,NA,NA,NA,NA,NA,NA,NA,NA,NA,NA,NA,NA,NA,17500,196000,NA,NA,NA,NA,"028268-G02",28268,"KENAI PENINSULA","Active","Owned",1381995,"Z10294","Post Office","Main Post Office","USPS Building, Const. by USPS","USPS Land, Not Prev. Leased","USPS","Yes","8/1/1985"," 0/1",60.4909481,-151.0741326
"249",0,"Alaska","STERLING","MAIN OFFICE",NA,"38161 MIDWAY DR","STERLING","AK","99672-9800",NA,NA,NA,NA,NA,NA,NA,NA,NA,NA,NA,NA,NA,NA,NA,NA,NA,3440,149100,NA,NA,NA,NA,"028490-G01",28490,"KENAI PENINSULA","Active","Owned",1383535,"Z10311","Post Office","Main Post Office","USPS Building, Const. by USPS","USPS Land, Not Prev. Leased","USPS","No","1/1/1986"," 0/1",60.533848,-150.738312
"250",0,"Alaska","SUTTON","MAIN OFFICE",NA,"11266 N CHICKALOON WAY","SUTTON","AK","99674-9800",NA,NA,NA,NA,NA,NA,NA,NA,NA,NA,NA,NA,NA,NA,NA,NA,NA,1742,57935,NA,NA,NA,NA,"028619-G01",28619,"MATANUSKASUSITNA","Active","Owned",1384070,"Z10315","Post Office","Remotely Managed Post Office (RMPO)","USPS Building, Const. by USPS","USPS Land, Not Prev. Leased","USPS","No","6/1/1994"," 0/1",61.7104634,-148.8779917
"251",0,"Alaska","TALKEETNA","MAIN OFFICE",NA,"13707 E 1ST ST","TALKEETNA","AK","99676-9800",NA,NA,NA,NA,NA,NA,NA,NA,NA,NA,NA,NA,NA,NA,NA,NA,NA,4455,34890,NA,NA,NA,NA,"028697-G02",28697,"MATANUSKASUSITNA","Active","Owned",1384230,"Z10317","Post Office","Main Post Office","USPS Building, Const. by USPS","USPS Land, Not Prev. Leased","USPS","No","10/1/1987"," 1/8",62.322431,-150.111326
"252",0,"Alaska","TELLER","MAIN OFFICE MOD. UNIT",NA,"100 MAIN ST","TELLER","AK","99778-9800",NA,NA,NA,NA,NA,NA,NA,NA,NA,NA,NA,NA,NA,NA,NA,NA,NA,964,8276,NA,NA,NA,NA,"028853-G01",28853,"NOME","Active","Owned",1384388,"Z10321","Post Office","Part Time Post Office (PTPO)","USPS Building, Const. by USPS","Free Land","USPS","No","10/1/1973"," 1/9",65.1787322,-166.26587
"253",0,"Alaska","TOK","MAIN OFFICE",NA,"1314.3 ALASKA HWY","TOK","AK","99780-9800",NA,NA,NA,NA,NA,NA,NA,NA,NA,NA,NA,NA,NA,NA,NA,NA,NA,4176,26092,NA,NA,NA,NA,"028970-G01",28970,"SE FAIRBANKS","Active","Owned",1384764,"Z10327","Post Office","Main Post Office","USPS Building, Const. by USPS","USPS Land, Not Prev. Leased","USPS","No","11/1/1984"," 1/6",63.333699,-142.9638356
"254",0,"Alaska","TYONEK","MAIN OFFICE MODULAR",NA,"16 C ST","TYONEK","AK","99682-9800",NA,NA,NA,NA,NA,NA,NA,NA,NA,NA,NA,NA,NA,NA,NA,NA,NA,428,0,NA,NA,NA,NA,"029165-G01",29165,"LAKE PENINSULA","Active","Owned",1385290,"Z10335","Post Office","Part Time Post Office (PTPO)","USPS Building, Const. by USPS","Land Data on separate record","USPS","No","11/1/1984","0",61.06826,-151.142017
"255",0,"Alaska","UNALASKA","DUTCH HARBOR BRANCH",NA,"1745 AIRPORT BEACH RD","DUTCH HARBOR","AK","99692-9800",NA,NA,NA,NA,NA,NA,NA,NA,NA,NA,NA,NA,NA,NA,NA,NA,NA,9200,50119,NA,NA,NA,NA,"029282-G06",29282,"ALEUTIANS WEST","Active","Owned",1439394,"Z10085","Post Office","Finance Branch","USPS Building, Const. by USPS","USPS Land, Not Prev. Leased","USPS","Yes","7/1/1995"," 1/5",53.8841781,-166.5545958
"256",0,"Alaska","UNALASKA","MAIN OFFICE",NA,"82 AIRPORT BEACH RD","UNALASKA","AK","99685-9800",NA,NA,NA,NA,NA,NA,NA,NA,NA,NA,NA,NA,NA,NA,NA,NA,NA,5776,52050,NA,NA,NA,NA,"029282-G07",29282,"ALEUTIANS WEST","Active","Owned",1385344,"Z10337","Post Office","Main Post Office","USPS Building, Const. by USPS","USPS Land, Not Prev. Leased","USPS","No","12/1/1993"," 1/9",53.8724317,-166.5351558
"257",0,"Alaska","VALDEZ","MAIN OFFICE MOD",NA,"221 TATITLEK ST","VALDEZ","AK","99686-9800",NA,NA,NA,NA,NA,NA,NA,NA,NA,NA,NA,NA,NA,NA,NA,NA,NA,7083,37500,NA,NA,NA,NA,"029360-G01",29360,"VALDEZ-CORDOVA D","Active","Owned",1385626,"Z10342","Post Office","Main Post Office","USPS Building, Const. by USPS","USPS Land, Not Prev. Leased","USPS","No","3/1/1976"," 1/5",61.1283839,-146.3547887
"258",0,"Alaska","VENETIE","MAIN OFFICE BUILDING",NA,"100 MAIN ST","VENETIE","AK","99781-9800",NA,NA,NA,NA,NA,NA,NA,NA,NA,NA,NA,NA,NA,NA,NA,NA,NA,915,0,NA,NA,NA,NA,"029370-G01",29370,"YUKON-KOYUKUK","Active","Owned",1385806,"Z10343","Post Office","Part Time Post Office (PTPO)","USPS Building, Prev. Leased","Land Data on separate record","USPS","No","3/1/2000","0",67.0276129,-146.4087852
"259",0,"Alaska","WAINWRIGHT","MAIN OFFICE MOD. UNIT",NA,"9998 WAINWRIGHT RD","WAINWRIGHT","AK","99782-9800",NA,NA,NA,NA,NA,NA,NA,NA,NA,NA,NA,NA,NA,NA,NA,NA,NA,964,6000,NA,NA,NA,NA,"029438-G01",29438,"NORTH SLOPE","Active","Owned",1386164,"Z10344","Post Office","Part Time Post Office (PTPO)","USPS Building, Const. by USPS","Free Land","USPS","No","11/1/1976"," 1/6",70.6401461,-160.0256788
"260",0,"Alaska","WALES","MAIN OFFICE MODULAR",NA,"500 AIRPORT JUNCTION RD","WALES","AK","99783-9800",NA,NA,NA,NA,NA,NA,NA,NA,NA,NA,NA,NA,NA,NA,NA,NA,NA,800,0,NA,NA,NA,NA,"029477-G01",29477,"NOME","Active","Owned",1386225,"Z10345","Post Office","Part Time Post Office (PTPO)","USPS Building, Const. by USPS","Land Data on separate record","USPS","No","12/1/2000","0",65.6107802,-168.0897836
"261",0,"Alaska","WARD COVE","MAIN OFFICE",NA,"7172 N TONGASS HWY","WARD COVE","AK","99928-9800",NA,NA,NA,NA,NA,NA,NA,NA,NA,NA,NA,NA,NA,NA,NA,NA,NA,3444,40000,NA,NA,NA,NA,"029540-G01",29540,"KETCHIKAN GTWY N","Active","Owned",1386378,"Z10346","Post Office","Main Post Office","USPS Building, Const. by USPS","USPS Land, Not Prev. Leased","USPS","No","1/1/1987"," 0/1",55.4103808,-131.7221575
"262",0,"Alaska","WASILLA","CARRIER ANNEX",NA,"3170 E COTTLE LOOP","WASILLA","AK","99654-7253",NA,NA,NA,NA,NA,NA,NA,NA,NA,NA,NA,NA,NA,NA,NA,NA,NA,10755,96500,NA,NA,NA,NA,"029555-G03",29555,"MATANUSKASUSITNA","Active","Owned",1386557,"Z18967","Post Office","Carrier Annex (ANX)","USPS Building, Const. by USPS","USPS Land, Not Prev. Leased","USPS","Yes","8/1/1983"," 1/9",61.586545,-149.371575
"263",0,"Alaska","WASILLA","MAIN OFFICE",NA,"401 N MAIN ST","WASILLA","AK","99654-9998",NA,NA,NA,NA,NA,NA,NA,NA,NA,NA,NA,NA,NA,NA,NA,NA,NA,12723,62000,NA,NA,NA,NA,"029555-G01",29555,"MATANUSKASUSITNA","Active","Owned",1386558,"Z10348","Post Office","Main Post Office","USPS Building, Const. by USPS","USPS Land, Not Prev. Leased","USPS","Yes","8/1/1983"," 1/5",61.583576,-149.4407612
"264",0,"Alaska","WHITE MOUNTAIN","MAIN OFFICE",NA,"100 MAIN ST","WHITE MOUNTAIN","AK","99784-9800",NA,NA,NA,NA,NA,NA,NA,NA,NA,NA,NA,NA,NA,NA,NA,NA,NA,429,2000,NA,NA,NA,NA,"029594-G01",29594,"NOME","Active","Owned",1387508,"Z10349","Post Office","Part Time Post Office (PTPO)","USPS Building, Const. by USPS","Land Data on separate record","USPS","No","1/1/1985"," 2/9",64.6807942,-163.4064351
"265",0,"Alaska","WILLOW","MAIN OFFICE",NA,"13232 N MCKINLEY WAY","WILLOW","AK","99688-9800",NA,NA,NA,NA,NA,NA,NA,NA,NA,NA,NA,NA,NA,NA,NA,NA,NA,3953,188158,NA,NA,NA,NA,"029672-G03",29672,"MATANUSKASUSITNA","Active","Owned",1387815,"Z10351","Post Office","Main Post Office","USPS Building, Const. by USPS","USPS Land, Not Prev. Leased","USPS","No","6/1/1998"," 0/1",61.7381026,-150.0441026
"266",0,"Alaska","WRANGELL","MAIN OFFICE",NA,"112 FEDERAL WAY","WRANGELL","AK","99929-9800",NA,NA,NA,NA,NA,NA,NA,NA,NA,NA,NA,NA,NA,NA,NA,NA,NA,16050,107855,NA,NA,NA,NA,"029789-G01",29789,"WRANGELL PTRSBRG","Active","Owned",1388328,"Z10352","Post Office","Main Post Office","USPS Building, Transferred","Free Land","USPS","Yes","5/1/1941"," 1/7",56.4725068,-132.3872013
