district,area,zip
Alabama District,SOUTHERN,350
Alabama District,SOUTHERN,351
Alabama District,SOUTHERN,352
Alabama District,SOUTHERN,354
Alabama District,SOUTHERN,355
Alabama District,SOUTHERN,356
Alabama District,SOUTHERN,357
Alabama District,SOUTHERN,358
Alabama District,SOUTHERN,359
Alabama District,SOUTHERN,360
Alabama District,SOUTHERN,361
Alabama District,SOUTHERN,362
Alabama District,SOUTHERN,363
Alabama District,SOUTHERN,364
Alabama District,SOUTHERN,365
Alabama District,SOUTHERN,366
Alabama District,SOUTHERN,367
Alabama District,SOUTHERN,368
Alaska District,WESTERN,995
Alaska District,WESTERN,996
Alaska District,WESTERN,997
Alaska District,WESTERN,998
Alaska District,WESTERN,999
Albany District,NORTHEAST,120
Albany District,NORTHEAST,121
Albany District,NORTHEAST,122
Albany District,NORTHEAST,123
Albany District,NORTHEAST,128
Albany District,NORTHEAST,129
Albany District,NORTHEAST,130
Albany District,NORTHEAST,131
Albany District,NORTHEAST,132
Albany District,NORTHEAST,133
Albany District,NORTHEAST,134
Albany District,NORTHEAST,135
Albany District,NORTHEAST,136
Albany District,NORTHEAST,137
Albany District,NORTHEAST,138
Albany District,NORTHEAST,139
Appalachian District,EASTERN,240
Appalachian District,EASTERN,241
Appalachian District,EASTERN,242
Appalachian District,EASTERN,243
Appalachian District,EASTERN,245
Appalachian District,EASTERN,246
Appalachian District,EASTERN,247
Appalachian District,EASTERN,248
Appalachian District,EASTERN,249
Appalachian District,EASTERN,250
Appalachian District,EASTERN,251
Appalachian District,EASTERN,252
Appalachian District,EASTERN,253
Appalachian District,EASTERN,254
Appalachian District,EASTERN,255
Appalachian District,EASTERN,256
Appalachian District,EASTERN,257
Appalachian District,EASTERN,258
Appalachian District,EASTERN,259
Appalachian District,EASTERN,261
Appalachian District,EASTERN,262
Appalachian District,EASTERN,263
Appalachian District,EASTERN,264
Appalachian District,EASTERN,265
Appalachian District,EASTERN,266
Appalachian District,EASTERN,267
Appalachian District,EASTERN,268
Arizona District,WESTERN,850
Arizona District,WESTERN,851
Arizona District,WESTERN,852
Arizona District,WESTERN,853
Arizona District,WESTERN,855
Arizona District,WESTERN,856
Arizona District,WESTERN,857
Arizona District,WESTERN,859
Arizona District,WESTERN,860
Arizona District,WESTERN,863
Arizona District,WESTERN,864
Arizona District,WESTERN,865
Arizona District,WESTERN,870
Arizona District,WESTERN,871
Arizona District,WESTERN,873
Arizona District,WESTERN,874
Arizona District,WESTERN,875
Arizona District,WESTERN,876
Arizona District,WESTERN,877
Arizona District,WESTERN,878
Arizona District,WESTERN,879
Arizona District,WESTERN,880
Arizona District,WESTERN,881
Arizona District,WESTERN,882
Arizona District,WESTERN,883
Arizona District,WESTERN,884
Arkansas District,SOUTHERN,716
Arkansas District,SOUTHERN,717
Arkansas District,SOUTHERN,718
Arkansas District,SOUTHERN,719
Arkansas District,SOUTHERN,720
Arkansas District,SOUTHERN,721
Arkansas District,SOUTHERN,722
Arkansas District,SOUTHERN,723
Arkansas District,SOUTHERN,724
Arkansas District,SOUTHERN,725
Arkansas District,SOUTHERN,726
Arkansas District,SOUTHERN,727
Arkansas District,SOUTHERN,728
Arkansas District,SOUTHERN,729
Atlanta District,CAPITAL METRO,300
Atlanta District,CAPITAL METRO,301
Atlanta District,CAPITAL METRO,302
Atlanta District,CAPITAL METRO,303
Atlanta District,CAPITAL METRO,305
Atlanta District,CAPITAL METRO,306
Atlanta District,CAPITAL METRO,311
Atlanta District,CAPITAL METRO,399
Baltimore District,CAPITAL METRO,210
Baltimore District,CAPITAL METRO,211
Baltimore District,CAPITAL METRO,212
Baltimore District,CAPITAL METRO,214
Baltimore District,CAPITAL METRO,215
Baltimore District,CAPITAL METRO,216
Baltimore District,CAPITAL METRO,217
Baltimore District,CAPITAL METRO,218
Baltimore District,CAPITAL METRO,219
Bay-Valley District,PACIFIC,939
Bay-Valley District,PACIFIC,945
Bay-Valley District,PACIFIC,946
Bay-Valley District,PACIFIC,947
Bay-Valley District,PACIFIC,948
Bay-Valley District,PACIFIC,950
Bay-Valley District,PACIFIC,951
Capital District,CAPITAL METRO,200
Capital District,CAPITAL METRO,202
Capital District,CAPITAL METRO,203
Capital District,CAPITAL METRO,204
Capital District,CAPITAL METRO,205
Capital District,CAPITAL METRO,206
Capital District,CAPITAL METRO,207
Capital District,CAPITAL METRO,208
Capital District,CAPITAL METRO,209
Caribbean District,NORTHEAST,6
Caribbean District,NORTHEAST,7
Caribbean District,NORTHEAST,8
Caribbean District,NORTHEAST,9
Central Illinois District,GREAT LAKES,601
Central Illinois District,GREAT LAKES,603
Central Illinois District,GREAT LAKES,604
Central Illinois District,GREAT LAKES,605
Central Illinois District,GREAT LAKES,609
Central Illinois District,GREAT LAKES,613
Central Illinois District,GREAT LAKES,614
Central Illinois District,GREAT LAKES,615
Central Illinois District,GREAT LAKES,616
Central Illinois District,GREAT LAKES,617
Central Pennsylvania District,EASTERN,169
Central Pennsylvania District,EASTERN,170
Central Pennsylvania District,EASTERN,171
Central Pennsylvania District,EASTERN,172
Central Pennsylvania District,EASTERN,173
Central Pennsylvania District,EASTERN,174
Central Pennsylvania District,EASTERN,175
Central Pennsylvania District,EASTERN,176
Central Pennsylvania District,EASTERN,177
Central Pennsylvania District,EASTERN,178
Central Pennsylvania District,EASTERN,179
Central Pennsylvania District,EASTERN,180
Central Pennsylvania District,EASTERN,181
Central Pennsylvania District,EASTERN,182
Central Pennsylvania District,EASTERN,183
Central Pennsylvania District,EASTERN,184
Central Pennsylvania District,EASTERN,185
Central Pennsylvania District,EASTERN,186
Central Pennsylvania District,EASTERN,187
Central Pennsylvania District,EASTERN,188
Central Pennsylvania District,EASTERN,195
Central Pennsylvania District,EASTERN,196
Central Plains District,WESTERN,515
Central Plains District,WESTERN,516
Central Plains District,WESTERN,664
Central Plains District,WESTERN,665
Central Plains District,WESTERN,666
Central Plains District,WESTERN,668
Central Plains District,WESTERN,669
Central Plains District,WESTERN,670
Central Plains District,WESTERN,671
Central Plains District,WESTERN,672
Central Plains District,WESTERN,673
Central Plains District,WESTERN,674
Central Plains District,WESTERN,675
Central Plains District,WESTERN,676
Central Plains District,WESTERN,677
Central Plains District,WESTERN,678
Central Plains District,WESTERN,679
Central Plains District,WESTERN,680
Central Plains District,WESTERN,681
Central Plains District,WESTERN,683
Central Plains District,WESTERN,684
Central Plains District,WESTERN,685
Central Plains District,WESTERN,686
Central Plains District,WESTERN,687
Central Plains District,WESTERN,688
Central Plains District,WESTERN,689
Central Plains District,WESTERN,690
Central Plains District,WESTERN,691
Central Plains District,WESTERN,692
Central Plains District,WESTERN,693
Chicago District,GREAT LAKES,606
Chicago District,GREAT LAKES,607
Chicago District,GREAT LAKES,608
Colorado/Wyoming District,WESTERN,800
Colorado/Wyoming District,WESTERN,801
Colorado/Wyoming District,WESTERN,802
Colorado/Wyoming District,WESTERN,803
Colorado/Wyoming District,WESTERN,804
Colorado/Wyoming District,WESTERN,805
Colorado/Wyoming District,WESTERN,806
Colorado/Wyoming District,WESTERN,807
Colorado/Wyoming District,WESTERN,808
Colorado/Wyoming District,WESTERN,809
Colorado/Wyoming District,WESTERN,810
Colorado/Wyoming District,WESTERN,811
Colorado/Wyoming District,WESTERN,812
Colorado/Wyoming District,WESTERN,813
Colorado/Wyoming District,WESTERN,814
Colorado/Wyoming District,WESTERN,815
Colorado/Wyoming District,WESTERN,816
Colorado/Wyoming District,WESTERN,820
Colorado/Wyoming District,WESTERN,821
Colorado/Wyoming District,WESTERN,822
Colorado/Wyoming District,WESTERN,823
Colorado/Wyoming District,WESTERN,824
Colorado/Wyoming District,WESTERN,825
Colorado/Wyoming District,WESTERN,826
Colorado/Wyoming District,WESTERN,827
Colorado/Wyoming District,WESTERN,828
Colorado/Wyoming District,WESTERN,829
Colorado/Wyoming District,WESTERN,830
Colorado/Wyoming District,WESTERN,831
Connecticut Valley District,NORTHEAST,10
Connecticut Valley District,NORTHEAST,11
Connecticut Valley District,NORTHEAST,12
Connecticut Valley District,NORTHEAST,13
Connecticut Valley District,NORTHEAST,27
Connecticut Valley District,NORTHEAST,28
Connecticut Valley District,NORTHEAST,29
Connecticut Valley District,NORTHEAST,60
Connecticut Valley District,NORTHEAST,61
Connecticut Valley District,NORTHEAST,62
Connecticut Valley District,NORTHEAST,63
Connecticut Valley District,NORTHEAST,64
Connecticut Valley District,NORTHEAST,65
Connecticut Valley District,NORTHEAST,66
Connecticut Valley District,NORTHEAST,67
Connecticut Valley District,NORTHEAST,68
Connecticut Valley District,NORTHEAST,69
Dakotas District,WESTERN,565
Dakotas District,WESTERN,567
Dakotas District,WESTERN,570
Dakotas District,WESTERN,571
Dakotas District,WESTERN,572
Dakotas District,WESTERN,573
Dakotas District,WESTERN,574
Dakotas District,WESTERN,575
Dakotas District,WESTERN,576
Dakotas District,WESTERN,577
Dakotas District,WESTERN,580
Dakotas District,WESTERN,581
Dakotas District,WESTERN,582
Dakotas District,WESTERN,583
Dakotas District,WESTERN,584
Dakotas District,WESTERN,585
Dakotas District,WESTERN,586
Dakotas District,WESTERN,587
Dakotas District,WESTERN,588
Dakotas District,WESTERN,590
Dakotas District,WESTERN,591
Dakotas District,WESTERN,592
Dakotas District,WESTERN,593
Dakotas District,WESTERN,594
Dakotas District,WESTERN,595
Dakotas District,WESTERN,596
Dakotas District,WESTERN,597
Dakotas District,WESTERN,598
Dakotas District,WESTERN,599
Dallas District,SOUTHERN,750
Dallas District,SOUTHERN,751
Dallas District,SOUTHERN,752
Dallas District,SOUTHERN,753
Dallas District,SOUTHERN,754
Dallas District,SOUTHERN,755
Dallas District,SOUTHERN,756
Dallas District,SOUTHERN,757
Dallas District,SOUTHERN,758
Dallas District,SOUTHERN,759
Detroit District,GREAT LAKES,480
Detroit District,GREAT LAKES,481
Detroit District,GREAT LAKES,482
Detroit District,GREAT LAKES,483
Detroit District,GREAT LAKES,484
Detroit District,GREAT LAKES,485
Detroit District,GREAT LAKES,492
Fort Worth District,SOUTHERN,739
Fort Worth District,SOUTHERN,760
Fort Worth District,SOUTHERN,761
Fort Worth District,SOUTHERN,762
Fort Worth District,SOUTHERN,763
Fort Worth District,SOUTHERN,764
Fort Worth District,SOUTHERN,768
Fort Worth District,SOUTHERN,769
Fort Worth District,SOUTHERN,790
Fort Worth District,SOUTHERN,791
Fort Worth District,SOUTHERN,792
Fort Worth District,SOUTHERN,793
Fort Worth District,SOUTHERN,794
Fort Worth District,SOUTHERN,795
Fort Worth District,SOUTHERN,796
Gateway District,GREAT LAKES,618
Gateway District,GREAT LAKES,619
Gateway District,GREAT LAKES,620
Gateway District,GREAT LAKES,622
Gateway District,GREAT LAKES,623
Gateway District,GREAT LAKES,624
Gateway District,GREAT LAKES,625
Gateway District,GREAT LAKES,626
Gateway District,GREAT LAKES,627
Gateway District,GREAT LAKES,628
Gateway District,GREAT LAKES,629
Gateway District,GREAT LAKES,630
Gateway District,GREAT LAKES,631
Gateway District,GREAT LAKES,633
Gateway District,GREAT LAKES,634
Gateway District,GREAT LAKES,635
Gateway District,GREAT LAKES,650
Gateway District,GREAT LAKES,651
Gateway District,GREAT LAKES,652
Gateway District,GREAT LAKES,653
Greater Boston District,NORTHEAST,14
Greater Boston District,NORTHEAST,15
Greater Boston District,NORTHEAST,16
Greater Boston District,NORTHEAST,17
Greater Boston District,NORTHEAST,18
Greater Boston District,NORTHEAST,19
Greater Boston District,NORTHEAST,20
Greater Boston District,NORTHEAST,21
Greater Boston District,NORTHEAST,22
Greater Boston District,NORTHEAST,23
Greater Boston District,NORTHEAST,24
Greater Boston District,NORTHEAST,25
Greater Boston District,NORTHEAST,26
Greater Boston District,NORTHEAST,55
Greater Indiana District,GREAT LAKES,460
Greater Indiana District,GREAT LAKES,461
Greater Indiana District,GREAT LAKES,462
Greater Indiana District,GREAT LAKES,463
Greater Indiana District,GREAT LAKES,464
Greater Indiana District,GREAT LAKES,465
Greater Indiana District,GREAT LAKES,466
Greater Indiana District,GREAT LAKES,467
Greater Indiana District,GREAT LAKES,468
Greater Indiana District,GREAT LAKES,469
Greater Indiana District,GREAT LAKES,472
Greater Indiana District,GREAT LAKES,473
Greater Indiana District,GREAT LAKES,474
Greater Indiana District,GREAT LAKES,475
Greater Indiana District,GREAT LAKES,478
Greater Indiana District,GREAT LAKES,479
Greater Michigan District,GREAT LAKES,486
Greater Michigan District,GREAT LAKES,487
Greater Michigan District,GREAT LAKES,488
Greater Michigan District,GREAT LAKES,489
Greater Michigan District,GREAT LAKES,490
Greater Michigan District,GREAT LAKES,491
Greater Michigan District,GREAT LAKES,493
Greater Michigan District,GREAT LAKES,494
Greater Michigan District,GREAT LAKES,495
Greater Michigan District,GREAT LAKES,496
Greater Michigan District,GREAT LAKES,497
Greater Michigan District,GREAT LAKES,498
Greater Michigan District,GREAT LAKES,499
Greater South Carolina District,CAPITAL METRO,290
Greater South Carolina District,CAPITAL METRO,291
Greater South Carolina District,CAPITAL METRO,292
Greater South Carolina District,CAPITAL METRO,293
Greater South Carolina District,CAPITAL METRO,294
Greater South Carolina District,CAPITAL METRO,295
Greater South Carolina District,CAPITAL METRO,296
Greater South Carolina District,CAPITAL METRO,299
Greensboro District,CAPITAL METRO,270
Greensboro District,CAPITAL METRO,271
Greensboro District,CAPITAL METRO,272
Greensboro District,CAPITAL METRO,273
Greensboro District,CAPITAL METRO,274
Greensboro District,CAPITAL METRO,275
Greensboro District,CAPITAL METRO,276
Greensboro District,CAPITAL METRO,277
Greensboro District,CAPITAL METRO,278
Greensboro District,CAPITAL METRO,279
Greensboro District,CAPITAL METRO,286
Gulf Atlantic District,SOUTHERN,298
Gulf Atlantic District,SOUTHERN,304
Gulf Atlantic District,SOUTHERN,308
Gulf Atlantic District,SOUTHERN,309
Gulf Atlantic District,SOUTHERN,310
Gulf Atlantic District,SOUTHERN,312
Gulf Atlantic District,SOUTHERN,313
Gulf Atlantic District,SOUTHERN,314
Gulf Atlantic District,SOUTHERN,315
Gulf Atlantic District,SOUTHERN,316
Gulf Atlantic District,SOUTHERN,317
Gulf Atlantic District,SOUTHERN,318
Gulf Atlantic District,SOUTHERN,319
Gulf Atlantic District,SOUTHERN,320
Gulf Atlantic District,SOUTHERN,322
Gulf Atlantic District,SOUTHERN,323
Gulf Atlantic District,SOUTHERN,324
Gulf Atlantic District,SOUTHERN,325
Gulf Atlantic District,SOUTHERN,326
Gulf Atlantic District,SOUTHERN,344
Gulf Atlantic District,SOUTHERN,398
Hawkeye District,WESTERN,500
Hawkeye District,WESTERN,501
Hawkeye District,WESTERN,502
Hawkeye District,WESTERN,503
Hawkeye District,WESTERN,504
Hawkeye District,WESTERN,505
Hawkeye District,WESTERN,506
Hawkeye District,WESTERN,507
Hawkeye District,WESTERN,508
Hawkeye District,WESTERN,509
Hawkeye District,WESTERN,510
Hawkeye District,WESTERN,511
Hawkeye District,WESTERN,512
Hawkeye District,WESTERN,513
Hawkeye District,WESTERN,514
Hawkeye District,WESTERN,520
Hawkeye District,WESTERN,521
Hawkeye District,WESTERN,522
Hawkeye District,WESTERN,523
Hawkeye District,WESTERN,524
Hawkeye District,WESTERN,525
Hawkeye District,WESTERN,526
Hawkeye District,WESTERN,527
Hawkeye District,WESTERN,528
Hawkeye District,WESTERN,612
Honolulu District,PACIFIC,967
Honolulu District,PACIFIC,968
Honolulu District,PACIFIC,969
Houston District,SOUTHERN,770
Houston District,SOUTHERN,772
Houston District,SOUTHERN,773
Houston District,SOUTHERN,774
Houston District,SOUTHERN,775
Houston District,SOUTHERN,776
Houston District,SOUTHERN,777
Houston District,SOUTHERN,778
Kentuckiana District,EASTERN,400
Kentuckiana District,EASTERN,401
Kentuckiana District,EASTERN,402
Kentuckiana District,EASTERN,403
Kentuckiana District,EASTERN,404
Kentuckiana District,EASTERN,405
Kentuckiana District,EASTERN,406
Kentuckiana District,EASTERN,407
Kentuckiana District,EASTERN,408
Kentuckiana District,EASTERN,409
Kentuckiana District,EASTERN,411
Kentuckiana District,EASTERN,412
Kentuckiana District,EASTERN,413
Kentuckiana District,EASTERN,414
Kentuckiana District,EASTERN,415
Kentuckiana District,EASTERN,416
Kentuckiana District,EASTERN,417
Kentuckiana District,EASTERN,418
Kentuckiana District,EASTERN,420
Kentuckiana District,EASTERN,421
Kentuckiana District,EASTERN,422
Kentuckiana District,EASTERN,423
Kentuckiana District,EASTERN,424
Kentuckiana District,EASTERN,425
Kentuckiana District,EASTERN,426
Kentuckiana District,EASTERN,427
Kentuckiana District,EASTERN,471
Kentuckiana District,EASTERN,476
Kentuckiana District,EASTERN,477
Lakeland District,GREAT LAKES,530
Lakeland District,GREAT LAKES,531
Lakeland District,GREAT LAKES,532
Lakeland District,GREAT LAKES,534
Lakeland District,GREAT LAKES,535
Lakeland District,GREAT LAKES,537
Lakeland District,GREAT LAKES,538
Lakeland District,GREAT LAKES,539
Lakeland District,GREAT LAKES,541
Lakeland District,GREAT LAKES,542
Lakeland District,GREAT LAKES,543
Lakeland District,GREAT LAKES,544
Lakeland District,GREAT LAKES,545
Lakeland District,GREAT LAKES,549
Lakeland District,GREAT LAKES,600
Lakeland District,GREAT LAKES,602
Lakeland District,GREAT LAKES,610
Lakeland District,GREAT LAKES,611
Long Island District,NORTHEAST,5
Long Island District,NORTHEAST,115
Long Island District,NORTHEAST,117
Long Island District,NORTHEAST,118
Long Island District,NORTHEAST,119
Los Angeles District,PACIFIC,900
Los Angeles District,PACIFIC,901
Los Angeles District,PACIFIC,902
Los Angeles District,PACIFIC,903
Los Angeles District,PACIFIC,904
Los Angeles District,PACIFIC,905
Los Angeles District,PACIFIC,907
Los Angeles District,PACIFIC,908
Louisiana District,SOUTHERN,700
Louisiana District,SOUTHERN,701
Louisiana District,SOUTHERN,703
Louisiana District,SOUTHERN,704
Louisiana District,SOUTHERN,705
Louisiana District,SOUTHERN,706
Louisiana District,SOUTHERN,707
Louisiana District,SOUTHERN,708
Louisiana District,SOUTHERN,710
Louisiana District,SOUTHERN,711
Louisiana District,SOUTHERN,712
Louisiana District,SOUTHERN,713
Louisiana District,SOUTHERN,714
Mid-America District,WESTERN,636
Mid-America District,WESTERN,637
Mid-America District,WESTERN,638
Mid-America District,WESTERN,639
Mid-America District,WESTERN,640
Mid-America District,WESTERN,641
Mid-America District,WESTERN,644
Mid-America District,WESTERN,645
Mid-America District,WESTERN,646
Mid-America District,WESTERN,647
Mid-America District,WESTERN,648
Mid-America District,WESTERN,649
Mid-America District,WESTERN,654
Mid-America District,WESTERN,655
Mid-America District,WESTERN,656
Mid-America District,WESTERN,657
Mid-America District,WESTERN,658
Mid-America District,WESTERN,660
Mid-America District,WESTERN,661
Mid-America District,WESTERN,662
Mid-America District,WESTERN,667
Mid-Carolinas District,CAPITAL METRO,280
Mid-Carolinas District,CAPITAL METRO,281
Mid-Carolinas District,CAPITAL METRO,282
Mid-Carolinas District,CAPITAL METRO,283
Mid-Carolinas District,CAPITAL METRO,284
Mid-Carolinas District,CAPITAL METRO,285
Mid-Carolinas District,CAPITAL METRO,287
Mid-Carolinas District,CAPITAL METRO,288
Mid-Carolinas District,CAPITAL METRO,289
Mid-Carolinas District,CAPITAL METRO,297
Mississippi District,SOUTHERN,369
Mississippi District,SOUTHERN,386
Mississippi District,SOUTHERN,387
Mississippi District,SOUTHERN,388
Mississippi District,SOUTHERN,389
Mississippi District,SOUTHERN,390
Mississippi District,SOUTHERN,391
Mississippi District,SOUTHERN,392
Mississippi District,SOUTHERN,393
Mississippi District,SOUTHERN,394
Mississippi District,SOUTHERN,395
Mississippi District,SOUTHERN,396
Mississippi District,SOUTHERN,397
Nevada-Sierra District,WESTERN,889
Nevada-Sierra District,WESTERN,890
Nevada-Sierra District,WESTERN,891
Nevada-Sierra District,WESTERN,893
Nevada-Sierra District,WESTERN,894
Nevada-Sierra District,WESTERN,895
Nevada-Sierra District,WESTERN,897
Nevada-Sierra District,WESTERN,898
Nevada-Sierra District,WESTERN,961
New York District,NORTHEAST,100
New York District,NORTHEAST,101
New York District,NORTHEAST,102
New York District,NORTHEAST,104
Northern New England District,NORTHEAST,30
Northern New England District,NORTHEAST,31
Northern New England District,NORTHEAST,32
Northern New England District,NORTHEAST,33
Northern New England District,NORTHEAST,34
Northern New England District,NORTHEAST,35
Northern New England District,NORTHEAST,36
Northern New England District,NORTHEAST,37
Northern New England District,NORTHEAST,38
Northern New England District,NORTHEAST,39
Northern New England District,NORTHEAST,40
Northern New England District,NORTHEAST,41
Northern New England District,NORTHEAST,42
Northern New England District,NORTHEAST,43
Northern New England District,NORTHEAST,44
Northern New England District,NORTHEAST,45
Northern New England District,NORTHEAST,46
Northern New England District,NORTHEAST,47
Northern New England District,NORTHEAST,48
Northern New England District,NORTHEAST,49
Northern New England District,NORTHEAST,50
Northern New England District,NORTHEAST,51
Northern New England District,NORTHEAST,52
Northern New England District,NORTHEAST,53
Northern New England District,NORTHEAST,54
Northern New England District,NORTHEAST,56
Northern New England District,NORTHEAST,57
Northern New England District,NORTHEAST,58
Northern New England District,NORTHEAST,59
Northern New Jersey District,NORTHEAST,70
Northern New Jersey District,NORTHEAST,71
Northern New Jersey District,NORTHEAST,72
Northern New Jersey District,NORTHEAST,73
Northern New Jersey District,NORTHEAST,74
Northern New Jersey District,NORTHEAST,75
Northern New Jersey District,NORTHEAST,76
Northern New Jersey District,NORTHEAST,78
Northern New Jersey District,NORTHEAST,79
Northern New Jersey District,NORTHEAST,88
Northern New Jersey District,NORTHEAST,89
Northern Ohio District,EASTERN,434
Northern Ohio District,EASTERN,435
Northern Ohio District,EASTERN,436
Northern Ohio District,EASTERN,439
Northern Ohio District,EASTERN,440
Northern Ohio District,EASTERN,441
Northern Ohio District,EASTERN,442
Northern Ohio District,EASTERN,443
Northern Ohio District,EASTERN,444
Northern Ohio District,EASTERN,445
Northern Ohio District,EASTERN,446
Northern Ohio District,EASTERN,447
Northern Ohio District,EASTERN,448
Northern Ohio District,EASTERN,449
Northern Ohio District,EASTERN,458
Northern Virginia District,CAPITAL METRO,201
Northern Virginia District,CAPITAL METRO,220
Northern Virginia District,CAPITAL METRO,221
Northern Virginia District,CAPITAL METRO,222
Northern Virginia District,CAPITAL METRO,223
Northern Virginia District,CAPITAL METRO,226
Northern Virginia District,CAPITAL METRO,227
Northland District,WESTERN,540
Northland District,WESTERN,546
Northland District,WESTERN,547
Northland District,WESTERN,548
Northland District,WESTERN,550
Northland District,WESTERN,551
Northland District,WESTERN,553
Northland District,WESTERN,554
Northland District,WESTERN,555
Northland District,WESTERN,556
Northland District,WESTERN,557
Northland District,WESTERN,558
Northland District,WESTERN,559
Northland District,WESTERN,560
Northland District,WESTERN,561
Northland District,WESTERN,562
Northland District,WESTERN,563
Northland District,WESTERN,564
Northland District,WESTERN,566
Ohio Valley District,EASTERN,410
Ohio Valley District,EASTERN,430
Ohio Valley District,EASTERN,431
Ohio Valley District,EASTERN,432
Ohio Valley District,EASTERN,433
Ohio Valley District,EASTERN,437
Ohio Valley District,EASTERN,438
Ohio Valley District,EASTERN,450
Ohio Valley District,EASTERN,451
Ohio Valley District,EASTERN,452
Ohio Valley District,EASTERN,453
Ohio Valley District,EASTERN,454
Ohio Valley District,EASTERN,455
Ohio Valley District,EASTERN,456
Ohio Valley District,EASTERN,457
Ohio Valley District,EASTERN,459
Ohio Valley District,EASTERN,470
Oklahoma District,SOUTHERN,730
Oklahoma District,SOUTHERN,731
Oklahoma District,SOUTHERN,734
Oklahoma District,SOUTHERN,735
Oklahoma District,SOUTHERN,736
Oklahoma District,SOUTHERN,737
Oklahoma District,SOUTHERN,738
Oklahoma District,SOUTHERN,740
Oklahoma District,SOUTHERN,741
Oklahoma District,SOUTHERN,743
Oklahoma District,SOUTHERN,744
Oklahoma District,SOUTHERN,745
Oklahoma District,SOUTHERN,746
Oklahoma District,SOUTHERN,747
Oklahoma District,SOUTHERN,748
Oklahoma District,SOUTHERN,749
Philadelphia Metro District,EASTERN,189
Philadelphia Metro District,EASTERN,190
Philadelphia Metro District,EASTERN,191
Philadelphia Metro District,EASTERN,192
Philadelphia Metro District,EASTERN,193
Philadelphia Metro District,EASTERN,194
Portland District,WESTERN,970
Portland District,WESTERN,971
Portland District,WESTERN,972
Portland District,WESTERN,973
Portland District,WESTERN,974
Portland District,WESTERN,975
Portland District,WESTERN,976
Portland District,WESTERN,977
Portland District,WESTERN,978
Portland District,WESTERN,979
Portland District,WESTERN,986
Richmond District,CAPITAL METRO,224
Richmond District,CAPITAL METRO,225
Richmond District,CAPITAL METRO,228
Richmond District,CAPITAL METRO,229
Richmond District,CAPITAL METRO,230
Richmond District,CAPITAL METRO,231
Richmond District,CAPITAL METRO,232
Richmond District,CAPITAL METRO,233
Richmond District,CAPITAL METRO,234
Richmond District,CAPITAL METRO,235
Richmond District,CAPITAL METRO,236
Richmond District,CAPITAL METRO,237
Richmond District,CAPITAL METRO,238
Richmond District,CAPITAL METRO,239
Richmond District,CAPITAL METRO,244
Rio Grande District,SOUTHERN,733
Rio Grande District,SOUTHERN,765
Rio Grande District,SOUTHERN,766
Rio Grande District,SOUTHERN,767
Rio Grande District,SOUTHERN,779
Rio Grande District,SOUTHERN,780
Rio Grande District,SOUTHERN,781
Rio Grande District,SOUTHERN,782
Rio Grande District,SOUTHERN,783
Rio Grande District,SOUTHERN,784
Rio Grande District,SOUTHERN,785
Rio Grande District,SOUTHERN,786
Rio Grande District,SOUTHERN,787
Rio Grande District,SOUTHERN,788
Rio Grande District,SOUTHERN,789
Rio Grande District,SOUTHERN,797
Rio Grande District,SOUTHERN,798
Rio Grande District,SOUTHERN,799
Rio Grande District,SOUTHERN,885
Sacramento District,PACIFIC,936
Sacramento District,PACIFIC,937
Sacramento District,PACIFIC,938
Sacramento District,PACIFIC,942
Sacramento District,PACIFIC,952
Sacramento District,PACIFIC,953
Sacramento District,PACIFIC,956
Sacramento District,PACIFIC,957
Sacramento District,PACIFIC,958
Sacramento District,PACIFIC,959
Sacramento District,PACIFIC,960
Salt Lake City District,WESTERN,832
Salt Lake City District,WESTERN,833
Salt Lake City District,WESTERN,834
Salt Lake City District,WESTERN,836
Salt Lake City District,WESTERN,837
Salt Lake City District,WESTERN,840
Salt Lake City District,WESTERN,841
Salt Lake City District,WESTERN,842
Salt Lake City District,WESTERN,843
Salt Lake City District,WESTERN,844
Salt Lake City District,WESTERN,845
Salt Lake City District,WESTERN,846
Salt Lake City District,WESTERN,847
San Diego District,PACIFIC,919
San Diego District,PACIFIC,920
San Diego District,PACIFIC,921
San Diego District,PACIFIC,922
San Diego District,PACIFIC,923
San Diego District,PACIFIC,924
San Diego District,PACIFIC,925
San Francisco District,PACIFIC,940
San Francisco District,PACIFIC,941
San Francisco District,PACIFIC,943
San Francisco District,PACIFIC,944
San Francisco District,PACIFIC,949
San Francisco District,PACIFIC,954
San Francisco District,PACIFIC,955
Santa Ana District,PACIFIC,906
Santa Ana District,PACIFIC,917
Santa Ana District,PACIFIC,918
Santa Ana District,PACIFIC,926
Santa Ana District,PACIFIC,927
Santa Ana District,PACIFIC,928
Seattle District,WESTERN,835
Seattle District,WESTERN,838
Seattle District,WESTERN,980
Seattle District,WESTERN,981
Seattle District,WESTERN,982
Seattle District,WESTERN,983
Seattle District,WESTERN,984
Seattle District,WESTERN,985
Seattle District,WESTERN,988
Seattle District,WESTERN,989
Seattle District,WESTERN,990
Seattle District,WESTERN,991
Seattle District,WESTERN,992
Seattle District,WESTERN,993
Seattle District,WESTERN,994
Sierra Coastal District,PACIFIC,910
Sierra Coastal District,PACIFIC,911
Sierra Coastal District,PACIFIC,912
Sierra Coastal District,PACIFIC,913
Sierra Coastal District,PACIFIC,914
Sierra Coastal District,PACIFIC,915
Sierra Coastal District,PACIFIC,916
Sierra Coastal District,PACIFIC,930
Sierra Coastal District,PACIFIC,931
Sierra Coastal District,PACIFIC,932
Sierra Coastal District,PACIFIC,933
Sierra Coastal District,PACIFIC,934
Sierra Coastal District,PACIFIC,935
South Florida District,SOUTHERN,330
South Florida District,SOUTHERN,331
South Florida District,SOUTHERN,332
South Florida District,SOUTHERN,333
South Florida District,SOUTHERN,334
South Florida District,SOUTHERN,349
South Jersey District,EASTERN,77
South Jersey District,EASTERN,80
South Jersey District,EASTERN,81
South Jersey District,EASTERN,82
South Jersey District,EASTERN,83
South Jersey District,EASTERN,84
South Jersey District,EASTERN,85
South Jersey District,EASTERN,86
South Jersey District,EASTERN,87
South Jersey District,EASTERN,197
South Jersey District,EASTERN,198
South Jersey District,EASTERN,199
Suncoast District,SOUTHERN,321
Suncoast District,SOUTHERN,327
Suncoast District,SOUTHERN,328
Suncoast District,SOUTHERN,329
Suncoast District,SOUTHERN,335
Suncoast District,SOUTHERN,336
Suncoast District,SOUTHERN,337
Suncoast District,SOUTHERN,338
Suncoast District,SOUTHERN,339
Suncoast District,SOUTHERN,341
Suncoast District,SOUTHERN,342
Suncoast District,SOUTHERN,346
Suncoast District,SOUTHERN,347
Tennessee District,EASTERN,307
Tennessee District,EASTERN,370
Tennessee District,EASTERN,371
Tennessee District,EASTERN,372
Tennessee District,EASTERN,373
Tennessee District,EASTERN,374
Tennessee District,EASTERN,375
Tennessee District,EASTERN,376
Tennessee District,EASTERN,377
Tennessee District,EASTERN,378
Tennessee District,EASTERN,379
Tennessee District,EASTERN,380
Tennessee District,EASTERN,381
Tennessee District,EASTERN,382
Tennessee District,EASTERN,383
Tennessee District,EASTERN,384
Tennessee District,EASTERN,385
Triboro District,NORTHEAST,103
Triboro District,NORTHEAST,110
Triboro District,NORTHEAST,111
Triboro District,NORTHEAST,112
Triboro District,NORTHEAST,113
Triboro District,NORTHEAST,114
Triboro District,NORTHEAST,116
Westchester District,NORTHEAST,105
Westchester District,NORTHEAST,106
Westchester District,NORTHEAST,107
Westchester District,NORTHEAST,108
Westchester District,NORTHEAST,109
Westchester District,NORTHEAST,124
Westchester District,NORTHEAST,125
Westchester District,NORTHEAST,126
Westchester District,NORTHEAST,127
Western New York District,EASTERN,140
Western New York District,EASTERN,141
Western New York District,EASTERN,142
Western New York District,EASTERN,143
Western New York District,EASTERN,144
Western New York District,EASTERN,145
Western New York District,EASTERN,146
Western New York District,EASTERN,147
Western New York District,EASTERN,148
Western New York District,EASTERN,149
Western Pennsylvania District,EASTERN,150
Western Pennsylvania District,EASTERN,151
Western Pennsylvania District,EASTERN,152
Western Pennsylvania District,EASTERN,153
Western Pennsylvania District,EASTERN,154
Western Pennsylvania District,EASTERN,155
Western Pennsylvania District,EASTERN,156
Western Pennsylvania District,EASTERN,157
Western Pennsylvania District,EASTERN,158
Western Pennsylvania District,EASTERN,159
Western Pennsylvania District,EASTERN,160
Western Pennsylvania District,EASTERN,161
Western Pennsylvania District,EASTERN,162
Western Pennsylvania District,EASTERN,163
Western Pennsylvania District,EASTERN,164
Western Pennsylvania District,EASTERN,165
Western Pennsylvania District,EASTERN,166
Western Pennsylvania District,EASTERN,167
Western Pennsylvania District,EASTERN,168
Western Pennsylvania District,EASTERN,260
